id,nombre,apellidos
1,Elena,Navarro Delgado
2,Manuel,Castillo Sánchez
3,Nuria,Iglesias Medina
4,Rubén,Serrano Marín
5,Rubén,Prieto Calvo
6,Mario,Cruz Calvo
7,Óscar,Blanco Muñoz
8,Laura,Medina Martínez
9,Elena,Alonso Sánchez
10,Sergio,García Lozano
11,Mario,Lozano Navarro
12,Irene,Gil Álvarez
13,Pablo,Domínguez Ramos
14,Manuel,Cortés López
15,Daniel,Martínez Rubio
16,Antonio,Alonso Alonso
17,Diego,Martín Castillo
18,Iván,Gutiérrez Rodríguez
19,Alejandro,Vázquez Morales
20,Javier,Martínez Gil
21,Óscar,Rubio Ortega
22,Elena,Molina Delgado
23,Jorge,Ortega Gil
24,Miguel,Álvarez Serrano
25,Iván,Suárez Delgado
26,Miguel,Rodríguez Marín
27,Nuria,Calvo Gómez
28,Paula,Cano Castro
29,Carmen,Cano Medina
30,Javier,Suárez Martín
31,Marcos,Moreno Pérez
32,Diego,Lozano Suárez
33,Antonio,Álvarez Rubio
34,Adrián,Santos Gutiérrez
35,Rubén,Castillo Delgado
36,Marcos,Gil Molina
37,Claudia,Alonso Romero
38,Laura,González Martín
39,Jorge,Morales Castro
40,Mario,Vázquez Hernández
41,Eva,Guerrero Ortega
42,Diego,Delgado Calvo
43,Mario,Molina Rubio
44,María,Alonso Navarro
45,Diego,Sánchez Blanco
46,Manuel,Álvarez Blanco
47,Daniela,Molina Prieto
48,Marcos,López Castillo
49,Raquel,Ortega Vázquez
50,Carmen,Hernández Méndez
51,David,Martín Blanco
52,Laura,Martínez García
53,Sergio,Sanz Ortiz
54,Alba,Medina Hernández
55,Adriana,Pérez Medina
56,María,Cruz Ortiz
57,Raquel,Santos Cruz
58,Pablo,Martín García
59,Hugo,Santos Sanz
60,Iván,Calvo Ortega
61,Marta,Ortiz Moreno
62,Marcos,Sanz Gómez
63,Jorge,Guerrero Delgado
64,Aitana,Martínez Serrano
65,Sofía,Gómez Sanz
66,Andrea,Delgado Serrano
67,Álvaro,Martín Castro
68,Claudia,Ramos García
69,Carmen,Ramos López
70,Paula,Domínguez Castillo
71,Pablo,Calvo Rodríguez
72,Lucía,Delgado Suárez
73,Hugo,Lozano Gutiérrez
74,Sergio,Navarro Pérez
75,Mario,Morales Marín
76,Nicolás,Jiménez Martín
77,Óscar,Castro Díaz
78,Javier,Medina Torres
79,Diego,Iglesias Moreno
80,Sara,Rubio Gil
81,María,Hernández Castillo
82,Daniela,González Castillo
83,Antonio,Fernández Blanco
84,Claudia,Suárez Cano
85,Lucía,Gómez Castillo
86,Miguel,Díaz Castro
87,Marta,Jiménez Santos
88,Daniela,Ramos Romero
89,Javier,Ortiz Serrano
90,Alba,Ramos Gutiérrez
91,Daniela,Domínguez Ruiz
92,Eva,Morales Ortega
93,David,Alonso Morales
94,Daniela,Navarro Castro
95,Marcos,Blanco Pérez
96,Miguel,Castro Romero
97,Carmen,Díaz Moreno
98,Laura,Martínez Morales
99,Daniel,Serrano Ortiz
100,Daniela,Rodríguez Domínguez
101,Sofía,Domínguez Rubio
102,Iván,Ortiz Díaz
103,Elena,Medina Cano
104,Raquel,Rubio Cruz
105,Iván,Prieto Díaz
106,Iván,Alonso Marín
107,Raquel,Santos Rubio
108,Marta,Sánchez Álvarez
109,Carmen,Molina Jiménez
110,Carmen,Lozano Fernández
111,Pablo,Prieto Ruiz
112,Carmen,Delgado Navarro
113,Raquel,Sanz López
114,Aitana,Navarro Jiménez
115,Eva,Álvarez López
116,Laura,Serrano Calvo
117,Eva,Serrano García
118,Paula,Sánchez Muñoz
119,Lucía,Gutiérrez Pérez
120,Carmen,Lozano Rubio
121,Iván,Domínguez Navarro
122,Diego,Iglesias Cortés
123,Nicolás,González Gil
124,Hugo,Iglesias Díaz
125,Jorge,Morales Molina
126,Elena,Lozano Vázquez
127,Manuel,Lozano Álvarez
128,Álvaro,Alonso Domínguez
129,Paula,Méndez Cano
130,Javier,Rodríguez Alonso
131,Daniel,Alonso Prieto
132,Elena,Gutiérrez Calvo
133,David,Navarro Sanz
134,Lucía,Ortiz Torres
135,Claudia,Rubio Fernández
136,Elena,Jiménez Medina
137,Elena,Pérez González
138,Marta,Castro Domínguez
139,Jorge,Castillo Castillo
140,Andrea,Rodríguez Molina
141,Óscar,Gómez Domínguez
142,David,Ramos Ramos
143,Adriana,Calvo Serrano
144,Nuria,Calvo Gómez
145,Daniela,Ortiz Rodríguez
146,Antonio,Lozano Rubio
147,Adrián,Álvarez Martín
148,Nuria,Rodríguez Rodríguez
149,Raquel,Ortiz Suárez
150,David,Álvarez Navarro
151,Marta,Cortés Sanz
152,Alba,Ruiz Rubio
153,María,Castillo Delgado
154,Eva,Torres Cortés
155,Miguel,Cruz Méndez
156,Hugo,Fernández Santos
157,Laura,Cortés Muñoz
158,Marcos,Fernández Moreno
159,Manuel,Martín Méndez
160,Adrián,Cano Vázquez
161,Nuria,Rubio Romero
162,Daniel,Hernández Vázquez
163,Pablo,Morales Cortés
164,Diego,Rubio Suárez
165,Óscar,Gutiérrez Hernández
166,Sofía,Cortés Serrano
167,Julia,Ortega García
168,Pablo,Castro Guerrero
169,David,González Cortés
170,Daniela,Martínez Gutiérrez
171,Alejandro,Ortiz Prieto
172,Eva,Gómez Cano
173,Carmen,Rodríguez Ortiz
174,Irene,Guerrero Sanz
175,Andrea,Marín González
176,Adrián,Ramos Ortiz
177,Miguel,Castillo Santos
178,Sofía,Delgado Sánchez
179,Alba,Martín Prieto
180,Álvaro,Torres Rubio
181,Eva,Gutiérrez González
182,Óscar,Santos Hernández
183,Sofía,Alonso Alonso
184,Antonio,Alonso Domínguez
185,Marta,Ramos Hernández
186,Laura,Iglesias Castillo
187,Marcos,Molina Domínguez
188,Antonio,Jiménez Prieto
189,Miguel,Rodríguez Ruiz
190,Hugo,Ortiz Martín
191,Sofía,Rodríguez Pérez
192,Manuel,Santos Cano
193,Laura,Vázquez López
194,Alejandro,Gutiérrez Díaz
195,Antonio,Martín Iglesias
196,Nicolás,Muñoz Gómez
197,Carmen,Navarro Ortega
198,Carmen,Prieto López
199,Álvaro,Álvarez Medina
200,Andrea,Castillo Pérez
201,Pablo,Suárez Ortega
202,Elena,Rubio Castro
203,Adriana,Domínguez Lozano
204,Diego,Sanz Domínguez
205,Alba,López Calvo
206,Alba,Ortega Calvo
207,Andrea,Álvarez Cruz
208,Nuria,Jiménez Navarro
209,Javier,Delgado Rubio
210,Daniel,Navarro Prieto
211,Mario,Gil Navarro
212,Daniela,Hernández Morales
213,Nuria,Guerrero Domínguez
214,Pablo,Serrano Sanz
215,Álvaro,Díaz Martín
216,Sergio,Méndez Marín
217,Marta,Molina Romero
218,Daniel,Pérez Navarro
219,Raquel,Blanco Álvarez
220,Julia,Ortiz Cortés
221,Raquel,Moreno Torres
222,Julia,Rubio Calvo
223,Elena,Romero Alonso
224,Iván,Morales Cortés
225,Adrián,Gil Rodríguez
226,Rubén,Cano Torres
227,David,Torres Sánchez
228,Mario,Lozano Cortés
229,Antonio,Castro Díaz
230,Javier,Domínguez Castillo
231,Daniel,Fernández Gil
232,Daniela,García Romero
233,Rubén,Guerrero Álvarez
234,Marta,Torres Sanz
235,Nicolás,Serrano Calvo
236,Marcos,Suárez Torres
237,Laura,González Cruz
238,Nuria,Cortés Pérez
239,Raquel,Navarro Rodríguez
240,Irene,Morales Delgado
241,Raquel,Medina Cortés
242,Alejandro,Martínez Rubio
243,Claudia,Ortiz Calvo
244,Laura,Sánchez Martín
245,Daniel,Moreno Morales
246,Irene,Iglesias Lozano
247,Sofía,Cano Gutiérrez
248,Alba,Marín Serrano
249,Miguel,Lozano Sanz
250,Rubén,Gómez Sánchez
251,Lucía,Romero Serrano
252,María,Ruiz Rubio
253,Manuel,Moreno Suárez
254,Daniel,Torres Domínguez
255,Hugo,Iglesias Suárez
256,Eva,Ortega Navarro
257,Eva,González Castillo
258,Mario,Gómez Rodríguez
259,Marcos,Vázquez Álvarez
260,Diego,Hernández Vázquez
261,Raquel,Delgado Prieto
262,Adrián,Gutiérrez Díaz
263,Óscar,Fernández Serrano
264,Sara,Prieto Prieto
265,Manuel,Lozano Ortiz
266,Andrea,Suárez Medina
267,Alba,Delgado Castro
268,Jorge,Navarro Ortega
269,Hugo,Santos Torres
270,Alejandro,Ruiz López
271,Rubén,Ruiz Cruz
272,Eva,Castro Castro
273,Álvaro,Cortés Sánchez
274,Jorge,Díaz Rodríguez
275,Diego,Muñoz Díaz
276,Javier,Delgado Castro
277,Marta,Delgado Díaz
278,Raquel,Calvo Cano
279,Mario,Gómez Rubio
280,Hugo,Vázquez Castillo
281,Adrián,Ortiz Medina
282,Antonio,Hernández Martín
283,Jorge,Rubio Cano
284,Julia,Prieto Martín
285,Marta,Santos Marín
286,Paula,Santos González
287,Raquel,Gutiérrez Ruiz
288,Marta,Romero Ortiz
289,Pablo,Gómez Morales
290,Sofía,Ruiz Guerrero
291,Paula,Cruz Ruiz
292,Julia,Serrano Castillo
293,Nicolás,Ortega Ortiz
294,Lucía,Gutiérrez Moreno
295,Manuel,Vázquez Ortiz
296,Alba,Morales Lozano
297,David,Martín Navarro
298,Julia,Cano Delgado
299,María,Suárez García
300,Paula,Sánchez Domínguez
301,Óscar,Cano Guerrero
302,Eva,Torres Cruz
303,Lucía,Jiménez Delgado
304,Claudia,Martínez Molina
305,Javier,Hernández Jiménez
306,Adriana,Moreno Santos
307,Mario,Díaz Vázquez
308,Sofía,Ortiz Molina
309,Javier,Morales Vázquez
310,Irene,Gutiérrez Cortés
311,Sergio,Rubio Iglesias
312,Marcos,Martínez Díaz
313,Claudia,Pérez Cruz
314,Alba,Domínguez Cano
315,Nicolás,Guerrero Jiménez
316,Elena,Ruiz Díaz
317,Javier,Hernández Molina
318,Lucía,Rubio Martín
319,Raquel,Alonso Méndez
320,Alejandro,Gil García
321,Marcos,Castro Morales
322,Raquel,Domínguez Ortega
323,Marta,Sánchez Martín
324,Rubén,Moreno Domínguez
325,Diego,Ramos Iglesias
326,Óscar,Fernández Guerrero
327,Rubén,Navarro Cruz
328,Eva,Lozano Martínez
329,Diego,Morales Domínguez
330,Antonio,Castro Castro
331,Carmen,Romero Alonso
332,María,Martínez Sanz
333,María,López Castro
334,Sergio,Marín Sánchez
335,Álvaro,Castillo Marín
336,Diego,Medina Suárez
337,Antonio,Rodríguez Martín
338,Hugo,Gómez Rodríguez
339,Carmen,Gil Martínez
340,Sofía,Ortiz Álvarez
341,Lucía,González Méndez
342,Sara,Cruz Iglesias
343,Miguel,Pérez Prieto
344,Daniel,Cano Martín
345,Andrea,Suárez Muñoz
346,Hugo,Cano Morales
347,Adriana,Gil Muñoz
348,Manuel,Navarro Serrano
349,María,Ortega Muñoz
350,Jorge,Ruiz Blanco
351,Claudia,Calvo Pérez
352,Óscar,Suárez Sanz
353,Álvaro,Suárez Castro
354,Lucía,Ortega Díaz
355,Álvaro,Prieto González
356,Miguel,Morales Gómez
357,Aitana,Muñoz Castro
358,Hugo,Romero Calvo
359,Javier,Méndez Sanz
360,Lucía,Domínguez Iglesias
361,Miguel,Jiménez Castro
362,Elena,Marín Vázquez
363,Irene,Sanz López
364,Rubén,Jiménez Morales
365,Adrián,Pérez Sánchez
366,David,Gil García
367,Adriana,Hernández Fernández
368,Eva,Cruz Jiménez
369,Miguel,Romero Vázquez
370,Alba,Álvarez Jiménez
371,María,Díaz Cano
372,Rubén,Pérez Blanco
373,Rubén,Santos González
374,Pablo,Guerrero Morales
375,Manuel,Cortés González
376,Claudia,Castillo Castillo
377,Marcos,Fernández Alonso
378,Alba,Jiménez Castillo
379,Sara,Romero Díaz
380,Laura,Alonso Medina
381,María,Suárez Álvarez
382,Sara,Guerrero Prieto
383,Antonio,Jiménez Rubio
384,Miguel,Sanz Ortiz
385,Adriana,Ortega Fernández
386,Antonio,Domínguez Moreno
387,Antonio,Gil Morales
388,Alba,Muñoz González
389,Laura,Serrano Ramos
390,Rubén,Martínez Blanco
391,Nicolás,Ruiz Jiménez
392,Adriana,Jiménez Rubio
393,Claudia,Delgado Cruz
394,Daniel,Gil Romero
395,Sofía,Morales Martínez
396,Lucía,Domínguez López
397,Marta,Marín Castro
398,Adriana,Suárez Guerrero
399,Julia,Lozano Navarro
400,Daniela,Ortega Rubio
401,Elena,Gómez García
402,Álvaro,Martínez Guerrero
403,Mario,Cortés Serrano
404,Iván,Torres Delgado
405,Pablo,Martínez Méndez
406,Óscar,Rodríguez Castillo
407,Eva,Muñoz Pérez
408,Álvaro,Muñoz Gutiérrez
409,Jorge,Lozano Marín
410,Iván,Ruiz Gutiérrez
411,Antonio,García Rodríguez
412,Daniel,Méndez Ruiz
413,Diego,Sanz Sánchez
414,Adriana,Santos Suárez
415,Sofía,Iglesias Delgado
416,Marcos,Pérez López
417,Marta,García Medina
418,Miguel,Gutiérrez Martín
419,David,Álvarez Rodríguez
420,Sergio,Iglesias Alonso
421,Julia,Ramos Cortés
422,Laura,Blanco Sanz
423,Elena,Sánchez Moreno
424,Hugo,Blanco López
425,Álvaro,Romero Blanco
426,Sergio,Prieto Gutiérrez
427,Eva,Blanco Méndez
428,Nicolás,Serrano Suárez
429,Aitana,Navarro Jiménez
430,Carmen,Medina Rubio
431,Lucía,Díaz Díaz
432,Aitana,Cano Cruz
433,Adrián,Moreno Guerrero
434,Hugo,Jiménez Sánchez
435,Nuria,Ramos Gómez
436,Jorge,Torres Castillo
437,Antonio,Gil Díaz
438,Nicolás,Rubio Gutiérrez
439,Antonio,Ortiz Ramos
440,Eva,Domínguez Blanco
441,Adriana,Ruiz Delgado
442,Andrea,González Méndez
443,Nicolás,Hernández Gutiérrez
444,Sofía,Molina Santos
445,Óscar,Gómez Blanco
446,Álvaro,Cortés Ortega
447,Paula,Medina Gutiérrez
448,María,Iglesias Delgado
449,Daniel,Rubio Gutiérrez
450,David,Moreno Guerrero
451,Antonio,Delgado Alonso
452,Nicolás,Delgado Domínguez
453,Pablo,Cruz Ramos
454,Miguel,Moreno García
455,David,Castro Molina
456,Álvaro,Medina Vázquez
457,Adriana,Rubio Sanz
458,Álvaro,Domínguez Méndez
459,Lucía,Sánchez Muñoz
460,Irene,Ruiz Ortega
461,Nicolás,Gil Suárez
462,Sofía,Molina Delgado
463,Claudia,Vázquez Rodríguez
464,Antonio,Martínez Sánchez
465,Elena,Díaz Gil
466,Elena,Morales Iglesias
467,Pablo,Cortés Castro
468,Carmen,Serrano Muñoz
469,Hugo,Gutiérrez García
470,Carmen,López Cruz
471,Daniel,Santos Martín
472,Diego,Cortés Serrano
473,Carmen,Castillo Sánchez
474,Claudia,Rubio Ortega
475,Daniel,Iglesias Ruiz
476,Elena,Martínez Domínguez
477,Adriana,Martín Blanco
478,Diego,Sánchez Rubio
479,Javier,Cruz Gómez
480,Alba,Rodríguez Lozano
481,Diego,Molina López
482,Sergio,Ortega Fernández
483,Sergio,Suárez Domínguez
484,Carmen,Fernández Serrano
485,Daniela,Molina Cortés
486,Sara,Álvarez Cano
487,Antonio,Castro Muñoz
488,Javier,Sánchez Domínguez
489,Sofía,García Martín
490,Jorge,Iglesias Gutiérrez
491,Eva,Calvo Molina
492,Carmen,Guerrero Moreno
493,Alejandro,Cruz López
494,David,Cortés Martínez
495,Iván,Calvo Medina
496,Eva,Navarro Molina
497,Nicolás,Sanz Gutiérrez
498,Nuria,Méndez Iglesias
499,Miguel,Ruiz Castro
500,David,Álvarez González
501,Rubén,Medina Álvarez
502,Miguel,Morales Alonso
503,David,Méndez Álvarez
504,Irene,Cano Calvo
505,Óscar,Blanco Jiménez
506,Pablo,Castro Gutiérrez
507,Eva,Gutiérrez Pérez
508,Jorge,Muñoz García
509,Claudia,Iglesias Iglesias
510,Daniel,Guerrero Navarro
511,Elena,Santos Torres
512,Adrián,Castillo Molina
513,Nicolás,Morales Iglesias
514,Álvaro,Lozano Sánchez
515,Alejandro,Molina Cruz
516,Sergio,Sanz Navarro
517,Iván,Ramos Domínguez
518,Laura,Cruz Domínguez
519,Álvaro,Méndez Domínguez
520,Eva,Suárez García
521,Alejandro,Serrano Morales
522,María,Iglesias Rodríguez
523,Aitana,Ortiz Ortiz
524,Paula,Pérez Calvo
525,Daniel,Molina Álvarez
526,Álvaro,Gutiérrez Cano
527,Eva,García Díaz
528,Irene,Fernández López
529,Nuria,Ruiz Fernández
530,Alejandro,Medina Ortiz
531,Diego,Sánchez Lozano
532,Nicolás,Ortiz Castro
533,Nicolás,Fernández Alonso
534,Marta,Sánchez Serrano
535,Nuria,Pérez Guerrero
536,Sara,Sánchez López
537,Óscar,Méndez Prieto
538,Álvaro,González Gómez
539,Sergio,Rubio Méndez
540,Lucía,Cruz Calvo
541,Aitana,Serrano Vázquez
542,Rubén,Lozano Blanco
543,Claudia,Fernández Serrano
544,Andrea,Martín Romero
545,Antonio,Jiménez Iglesias
546,Adrián,Cano Fernández
547,Sara,Morales Marín
548,David,Suárez Blanco
549,Julia,García Alonso
550,Carmen,Gómez Molina
551,Claudia,Romero Méndez
552,Diego,Castro Medina
553,Julia,Díaz Navarro
554,Sofía,Cruz Guerrero
555,Aitana,Rodríguez Sánchez
556,Claudia,Morales Ramos
557,Sara,Vázquez Gil
558,Sara,García Vázquez
559,Iván,Santos Martínez
560,Raquel,Rubio Moreno
561,Claudia,Torres Álvarez
562,Alba,Gutiérrez Ortiz
563,Rubén,Pérez Ortiz
564,Sara,Guerrero Moreno
565,Diego,Rubio Domínguez
566,Marta,Jiménez Martín
567,Claudia,Rubio Álvarez
568,Elena,Ramos Álvarez
569,Óscar,Castillo Suárez
570,Alejandro,Hernández Hernández
571,Daniela,Vázquez Suárez
572,Sara,Cortés Iglesias
573,Marta,Medina Alonso
574,Antonio,Fernández Rubio
575,Pablo,Moreno Prieto
576,Raquel,Suárez Cortés
577,María,Gutiérrez Martín
578,Raquel,Morales Gil
579,Carmen,Díaz Gutiérrez
580,Elena,Álvarez Lozano
581,David,López Suárez
582,Hugo,Alonso Gutiérrez
583,Marta,Guerrero Fernández
584,Sara,Alonso Cruz
585,Javier,Martínez Hernández
586,Claudia,Ortiz García
587,Lucía,Navarro Hernández
588,Lucía,Cortés Navarro
589,Carmen,Álvarez Ortega
590,Miguel,Serrano Lozano
591,Daniel,Ortiz Méndez
592,Nicolás,Moreno González
593,Pablo,Lozano Marín
594,Mario,Lozano Ortega
595,Javier,Fernández Cortés
596,Daniel,Vázquez Hernández
597,Antonio,Álvarez Rubio
598,Miguel,Domínguez Gil
599,Antonio,Cruz Martínez
600,Lucía,Molina Morales
601,Paula,Castillo Iglesias
602,María,Suárez Martín
603,Marcos,Gil Pérez
604,Pablo,Pérez Álvarez
605,Elena,Muñoz Molina
606,Nuria,Castillo Díaz
607,Raquel,Díaz Morales
608,Laura,Pérez González
609,Miguel,Suárez Domínguez
610,Daniela,Gil Castillo
611,Marta,Hernández Guerrero
612,Jorge,Gutiérrez Ruiz
613,Andrea,Cruz Molina
614,Aitana,Molina Molina
615,Rubén,Molina Hernández
616,Alba,Gil Ramos
617,Alejandro,Díaz Iglesias
618,Antonio,Méndez Iglesias
619,Iván,Calvo Cano
620,Mario,Álvarez Calvo
621,Hugo,Cano Muñoz
622,Daniel,Rubio Martínez
623,Claudia,Méndez Romero
624,Daniela,Martínez Morales
625,Daniela,Moreno Prieto
626,Nuria,Gutiérrez Medina
627,David,Morales Morales
628,María,Romero Prieto
629,Aitana,Guerrero Martínez
630,María,Romero Calvo
631,Diego,Torres Guerrero
632,Sara,Cruz Ramos
633,Miguel,Delgado Molina
634,Hugo,Serrano Martínez
635,Elena,Guerrero Lozano
636,Raquel,Pérez Cano
637,Paula,Castro Gómez
638,Adriana,Navarro Marín
639,Hugo,Moreno Álvarez
640,Nicolás,Lozano Romero
641,Laura,Lozano Alonso
642,Sofía,Marín Romero
643,Marcos,Romero Morales
644,Miguel,Cruz Cano
645,Sara,Calvo Rubio
646,Marta,Romero Romero
647,Adrián,García Ruiz
648,Adrián,Martínez Medina
649,Alejandro,Gil Cruz
650,Rubén,Guerrero García
651,Rubén,García López
652,Paula,Rodríguez Cano
653,María,Cortés Navarro
654,Marta,Rodríguez Rodríguez
655,Mario,Fernández Calvo
656,Lucía,Sanz Sánchez
657,Sergio,Calvo Fernández
658,Claudia,Cruz Iglesias
659,Julia,Ortega Hernández
660,Nuria,González Vázquez
661,Sergio,González Hernández
662,María,Gutiérrez Castro
663,Manuel,Suárez Blanco
664,Miguel,Guerrero Calvo
665,Carmen,Serrano Cano
666,Adrián,López Sánchez
667,Andrea,Gil Muñoz
668,Pablo,Martínez Martínez
669,Laura,Ruiz Rodríguez
670,Adriana,Delgado Muñoz
671,María,Fernández Gutiérrez
672,Laura,Cortés Díaz
673,Laura,García Gutiérrez
674,Sofía,Ramos Hernández
675,Sergio,Martínez Molina
676,Mario,Sánchez Torres
677,Pablo,Ruiz Sanz
678,Adriana,González Martínez
679,Marta,Serrano Blanco
680,María,Delgado Cano
681,Alba,Martín Calvo
682,Jorge,Blanco Suárez
683,Lucía,Torres Ortega
684,Jorge,Prieto Ruiz
685,Óscar,Cano Medina
686,Sofía,Díaz Iglesias
687,Manuel,López Méndez
688,Claudia,Hernández Ortega
689,Paula,Gómez Ortega
690,Carmen,Delgado Serrano
691,Elena,Vázquez Rubio
692,Elena,Gómez Sanz
693,Jorge,Iglesias Sánchez
694,Aitana,Ortega Rodríguez
695,Adrián,Suárez Torres
696,Hugo,Álvarez Ortiz
697,Hugo,Fernández Molina
698,Adrián,Moreno Torres
699,Carmen,Gil Ortega
700,David,Castro Martín
701,Hugo,Sanz Morales
702,Claudia,Álvarez Rubio
703,Alba,Gómez Romero
704,Elena,Morales Lozano
705,Sofía,Ramos Álvarez
706,Nuria,Méndez Serrano
707,Adrián,Martín Castro
708,Sofía,Marín Rodríguez
709,Nicolás,Ruiz García
710,Miguel,Prieto Cano
711,Marta,Cano Prieto
712,Andrea,Martín Cortés
713,Julia,Rodríguez Méndez
714,Aitana,Gómez Gil
715,Sofía,Castro Moreno
716,Diego,Guerrero Rodríguez
717,Jorge,Cortés Guerrero
718,Alejandro,González Ramos
719,Paula,Castillo Pérez
720,Antonio,Castro Sanz
721,Rubén,Blanco García
722,Andrea,Pérez Navarro
723,Elena,Morales Ortiz
724,Paula,Sánchez Moreno
725,Nuria,Méndez Cortés
726,Julia,Torres Ruiz
727,Álvaro,Sanz Vázquez
728,Javier,Prieto Hernández
729,Marcos,Castro Gómez
730,Diego,Gil Guerrero
731,María,Castillo Delgado
732,Marta,Sánchez Guerrero
733,Óscar,Gil Cortés
734,Carmen,Ruiz Sánchez
735,Claudia,Castro Domínguez
736,Adrián,Fernández Morales
737,María,Rodríguez Jiménez
738,Marta,Díaz Ortiz
739,Adrián,Cruz Guerrero
740,Óscar,Gil Iglesias
741,Daniel,Díaz Álvarez
742,Nuria,Gómez Ortega
743,Aitana,Calvo Gil
744,Hugo,Navarro González
745,Sara,Hernández Méndez
746,Alejandro,Pérez Fernández
747,Paula,Molina Hernández
748,Mario,López Prieto
749,Marcos,López Castillo
750,Elena,Jiménez Cruz
751,Raquel,Moreno Muñoz
752,Alejandro,López Serrano
753,Daniel,Rubio Vázquez
754,María,Iglesias Rubio
755,David,Ortiz Rodríguez
756,Carmen,Navarro Álvarez
757,Irene,Sánchez Ramos
758,Sara,González Hernández
759,Lucía,Martín Ruiz
760,Pablo,García Jiménez
761,Carmen,Domínguez Jiménez
762,Laura,Vázquez Cano
763,Elena,Martínez Romero
764,Antonio,Gómez Iglesias
765,Eva,Pérez Delgado
766,Irene,Alonso Pérez
767,Iván,Rodríguez Castro
768,Marta,Díaz Delgado
769,Adrián,Méndez Cortés
770,Sara,Moreno Vázquez
771,Marta,Prieto Pérez
772,Marta,Ruiz Ruiz
773,Irene,Guerrero Castro
774,Álvaro,Díaz Ortega
775,Antonio,Morales Ortega
776,Adrián,González Alonso
777,Laura,Vázquez Gutiérrez
778,Sofía,Alonso Ramos
779,Miguel,Guerrero Navarro
780,Aitana,Lozano Martín
781,Eva,Gómez Cruz
782,Sergio,Molina Romero
783,Sara,Cortés Cano
784,Sofía,Medina Cortés
785,Mario,Gutiérrez Álvarez
786,Sergio,Gil Gil
787,María,Romero Méndez
788,Diego,Martínez Moreno
789,Nicolás,Moreno Gil
790,Paula,Santos Vázquez
791,Daniel,Rodríguez Alonso
792,Iván,Gil Vázquez
793,Diego,García Marín
794,David,Fernández Torres
795,Javier,Álvarez Guerrero
796,Nuria,Moreno Díaz
797,Manuel,Morales Lozano
798,Jorge,Jiménez Ramos
799,Antonio,Suárez Morales
800,Carmen,García Medina
801,Jorge,Gil Alonso
802,Eva,Alonso Gil
803,Jorge,Gutiérrez González
804,Adriana,Morales Ruiz
805,Lucía,Navarro Serrano
806,Antonio,Muñoz Gómez
807,David,Ramos Lozano
808,Laura,Suárez Torres
809,Álvaro,Delgado Sanz
810,Álvaro,Domínguez Martínez
811,David,Prieto Gutiérrez
812,Antonio,Fernández Ortega
813,Rubén,Castro Ruiz
814,María,Santos Muñoz
815,Iván,Molina Jiménez
816,Daniela,González Sanz
817,Antonio,Blanco Serrano
818,Iván,Torres Muñoz
819,Nicolás,Ortega Martínez
820,Elena,García Rodríguez
821,Iván,Castro Iglesias
822,Mario,Serrano Santos
823,Lucía,Rodríguez Ruiz
824,Manuel,Gómez Jiménez
825,Laura,Ortega Rodríguez
826,Alba,Cortés Molina
827,Nicolás,Martín Medina
828,Miguel,Álvarez Gutiérrez
829,Daniela,Ortega Castro
830,Julia,Fernández Guerrero
831,Álvaro,Prieto Martín
832,Raquel,Romero Díaz
833,Sara,Morales Calvo
834,Sergio,Romero Molina
835,Álvaro,Romero Díaz
836,Sofía,Cortés Díaz
837,Elena,Molina Guerrero
838,Marcos,Blanco Blanco
839,Jorge,Jiménez Martínez
840,Aitana,Martínez Guerrero
841,Alejandro,Díaz Cruz
842,Aitana,Gutiérrez Blanco
843,Jorge,Santos Gil
844,Sergio,Gómez Castillo
845,Pablo,Ruiz López
846,Antonio,Sanz Marín
847,María,Díaz Díaz
848,Sofía,López Gómez
849,Javier,Cano Gil
850,Manuel,Serrano Sanz
851,Sofía,Jiménez Morales
852,Alba,Moreno Castro
853,Claudia,Calvo Pérez
854,Daniela,Marín Romero
855,Mario,Martínez Vázquez
856,Lucía,Santos Gómez
857,Nicolás,Vázquez Martín
858,Nicolás,Ruiz Fernández
859,Mario,Alonso Jiménez
860,Daniel,Ramos Navarro
861,Mario,Marín Delgado
862,Claudia,Suárez Sánchez
863,Mario,Guerrero Gil
864,Irene,Alonso Navarro
865,Julia,Molina González
866,Javier,Prieto Álvarez
867,Hugo,García López
868,Sara,Alonso Vázquez
869,Nicolás,Cruz Alonso
870,David,González Marín
871,Javier,Vázquez Cortés
872,Antonio,Alonso Torres
873,María,Rodríguez Morales
874,Raquel,Cano Castro
875,Hugo,Pérez Alonso
876,Antonio,Pérez García
877,Elena,Díaz Muñoz
878,Sara,Vázquez Molina
879,María,Álvarez Cruz
880,Lucía,Rubio Cano
881,Claudia,Morales Delgado
882,Sara,Iglesias Torres
883,Nicolás,Serrano López
884,Laura,López Fernández
885,Elena,Marín Cano
886,Daniel,Cano Alonso
887,Eva,Gutiérrez Ramos
888,Sara,Vázquez Sánchez
889,Pablo,Ortega Domínguez
890,Adriana,Medina Cortés
891,Marta,Cruz López
892,Paula,Santos Jiménez
893,Pablo,Alonso Marín
894,María,Cortés Medina
895,Sofía,Castillo López
896,Rubén,Castillo Delgado
897,Nicolás,Méndez Fernández
898,Aitana,Sanz Iglesias
899,Daniel,Muñoz López
900,Andrea,Ruiz Moreno
901,Mario,Cortés Moreno
902,Irene,Castillo Ramos
903,Iván,Cruz Blanco
904,Iván,Navarro Sánchez
905,David,Castro Navarro
906,Aitana,Martín Romero
907,Diego,Gutiérrez Álvarez
908,Manuel,García Torres
909,Óscar,Romero Iglesias
910,Manuel,González Prieto
911,Álvaro,Vázquez Vázquez
912,Miguel,Domínguez Molina
913,Marta,Cruz Navarro
914,Daniela,Ortiz Romero
915,Hugo,Calvo Molina
916,Sara,Castro Serrano
917,Irene,Álvarez Rodríguez
918,Pablo,Gil Martínez
919,Irene,Vázquez Ortega
920,Alejandro,Rodríguez Serrano
921,Óscar,Guerrero Alonso
922,Sofía,Serrano Castillo
923,Álvaro,Castillo Medina
924,Antonio,Santos Pérez
925,Andrea,Santos Díaz
926,Adriana,López Morales
927,Nicolás,Martínez Romero
928,Nuria,Guerrero Rodríguez
929,Mario,Romero Morales
930,Sergio,Blanco Ramos
931,Claudia,Lozano Rubio
932,Miguel,Castillo Gil
933,Iván,López Ortiz
934,Laura,Gutiérrez Méndez
935,Raquel,López Castro
936,Javier,López Moreno
937,Eva,González Molina
938,Nicolás,Cortés Navarro
939,Javier,Moreno Sánchez
940,Raquel,Hernández Sanz
941,Alejandro,Romero Prieto
942,Adrián,Cruz Pérez
943,Manuel,Fernández Prieto
944,Sergio,Cruz Domínguez
945,Álvaro,Blanco Ortiz
946,Elena,Ortega Martín
947,Raquel,Guerrero Ramos
948,Adrián,Alonso López
949,Sofía,Martín García
950,Daniela,Delgado Romero
951,Rubén,Torres Gómez
952,Daniel,Rubio Rodríguez
953,Sofía,Lozano Vázquez
954,Diego,Cruz Medina
955,Sergio,Ortiz López
956,Mario,Ramos Castro
957,Manuel,Ortega Delgado
958,Eva,Marín Marín
959,Óscar,Gil Calvo
960,Elena,Ortega Iglesias
961,Diego,Ortiz Castillo
962,Pablo,Navarro Ortega
963,Daniel,Serrano Molina
964,Laura,Méndez Vázquez
965,Alejandro,Cruz Alonso
966,Miguel,Hernández Prieto
967,David,Ortega Fernández
968,Antonio,Ortiz Prieto
969,Mario,Delgado Torres
970,Claudia,López Gil
971,Daniela,Álvarez Calvo
972,Andrea,Castro Morales
973,Sara,Ortega Blanco
974,Eva,Castro Hernández
975,David,Cortés Romero
976,María,Hernández Gómez
977,Laura,López Marín
978,Alba,Blanco Jiménez
979,Marta,Medina Fernández
980,Irene,Calvo Navarro
981,Diego,Torres González
982,Hugo,Castro González
983,Marcos,Ortega Morales
984,Manuel,Torres Guerrero
985,Andrea,Domínguez Suárez
986,Óscar,Martínez Rodríguez
987,Elena,Ramos Sanz
988,Iván,Ruiz Medina
989,Irene,Méndez Méndez
990,Miguel,Hernández Gómez
991,Sergio,Martínez Suárez
992,Raquel,Navarro Calvo
993,Elena,Prieto Romero
994,Irene,Navarro Pérez
995,Elena,Navarro Marín
996,Irene,Ortega Cortés
997,Manuel,Blanco Hernández
998,Adrián,Gil Suárez
999,Andrea,Suárez López
1000,Andrea,Morales Hernández
1001,Marta,Moreno Martínez
1002,Sofía,Cruz Romero
1003,Alejandro,Gómez Calvo
1004,Rubén,Ortega Suárez
1005,Elena,Moreno Ruiz
1006,Sergio,Romero Álvarez
1007,Laura,Alonso Moreno
1008,María,Marín Calvo
1009,David,Romero Ruiz
1010,Miguel,Jiménez Gutiérrez
1011,Irene,Pérez Gutiérrez
1012,Irene,Hernández Torres
1013,Iván,Martínez Delgado
1014,Irene,Delgado Sánchez
1015,Aitana,Guerrero Medina
1016,Daniel,Suárez Alonso
1017,Aitana,López Navarro
1018,Antonio,Ramos Gil
1019,Sofía,Castillo Suárez
1020,Sara,Gómez Vázquez
1021,Julia,Rodríguez Prieto
1022,Andrea,Cortés Martín
1023,Adrián,Vázquez López
1024,Alba,Lozano Lozano
1025,Álvaro,Ruiz Gil
1026,Nicolás,Torres Ortiz
1027,Adriana,Domínguez Méndez
1028,Nicolás,Fernández Ruiz
1029,Marcos,López Fernández
1030,Alejandro,Martín Ortiz
1031,Adrián,Domínguez Méndez
1032,Óscar,Gutiérrez Molina
1033,Lucía,Navarro Domínguez
1034,Alba,Cortés Delgado
1035,Nuria,Fernández Rodríguez
1036,María,Blanco López
1037,Andrea,Ramos Navarro
1038,Alejandro,Torres Blanco
1039,Daniela,Guerrero Jiménez
1040,Irene,Romero Castro
1041,Antonio,Castro Moreno
1042,Paula,Cruz Jiménez
1043,Julia,Gil Cano
1044,Daniel,Álvarez Medina
1045,María,Castro Sanz
1046,Miguel,Jiménez Moreno
1047,Adriana,Delgado Romero
1048,Irene,García Torres
1049,Óscar,Cano García
1050,Javier,Pérez Medina
1051,Marta,Martín Blanco
1052,Alejandro,Navarro Moreno
1053,Daniel,Gutiérrez Rubio
1054,Adriana,Álvarez Alonso
1055,Mario,Romero Gutiérrez
1056,Pablo,Martínez Iglesias
1057,Iván,Navarro Prieto
1058,Alejandro,Medina Cortés
1059,Claudia,Méndez Iglesias
1060,Sofía,Iglesias Ortiz
1061,Alba,Morales González
1062,Claudia,Cano Serrano
1063,Alba,Cortés Hernández
1064,Rubén,Blanco Díaz
1065,Laura,Castillo Muñoz
1066,Sergio,Vázquez Martín
1067,David,Delgado García
1068,Hugo,Ortega Castro
1069,David,Fernández Navarro
1070,Elena,Lozano Castillo
1071,Rubén,Díaz Calvo
1072,Marcos,Gil Pérez
1073,Julia,Torres Muñoz
1074,Óscar,Rubio Cano
1075,Daniela,Torres Suárez
1076,Hugo,Guerrero Muñoz
1077,Diego,González Prieto
1078,Marcos,Hernández Rodríguez
1079,Manuel,García Marín
1080,Paula,Ortiz Ramos
1081,Sofía,Blanco Morales
1082,Nuria,Gómez Serrano
1083,Raquel,Romero Navarro
1084,Sofía,Ortega Alonso
1085,Nuria,Serrano Cortés
1086,Rubén,Calvo García
1087,Raquel,Díaz Pérez
1088,María,Alonso Guerrero
1089,Carmen,Ortega Jiménez
1090,Adrián,Martínez Romero
1091,Marta,Jiménez Torres
1092,Carmen,Navarro Martín
1093,Sara,Gil Castillo
1094,Daniel,Suárez Gil
1095,Sergio,Méndez Domínguez
1096,Julia,Serrano Rodríguez
1097,Alejandro,Rubio Lozano
1098,Alba,Castro Delgado
1099,Pablo,Ortiz Calvo
1100,Iván,Calvo Hernández
1101,Miguel,Moreno Jiménez
1102,Óscar,Iglesias Méndez
1103,Lucía,Blanco Suárez
1104,María,Iglesias Sánchez
1105,Nuria,Martínez Blanco
1106,Daniel,Ortega Rodríguez
1107,Álvaro,Fernández Pérez
1108,Adrián,Iglesias Ramos
1109,Marcos,Ramos Gutiérrez
1110,Raquel,Blanco Iglesias
1111,Sergio,Delgado Muñoz
1112,Mario,Molina Delgado
1113,Óscar,Santos Calvo
1114,Elena,Morales Méndez
1115,Diego,Cano Molina
1116,Paula,Hernández Alonso
1117,Marta,Hernández Ramos
1118,Hugo,Cano Marín
1119,David,Guerrero Ramos
1120,María,Ruiz Molina
1121,Rubén,Muñoz Blanco
1122,Daniel,Romero Méndez
1123,Diego,Romero Sánchez
1124,Daniel,Alonso Ortega
1125,Marcos,Santos Hernández
1126,Irene,Cortés Hernández
1127,Diego,Alonso Cruz
1128,Nuria,Molina Santos
1129,Álvaro,Lozano Hernández
1130,Laura,Gutiérrez Álvarez
1131,Adrián,Sánchez Rubio
1132,Alba,Pérez Delgado
1133,Adriana,Díaz Sánchez
1134,Marcos,Ortiz Ruiz
1135,Paula,Navarro Gutiérrez
1136,Laura,Santos Méndez
1137,Andrea,Marín Pérez
1138,Alejandro,Díaz Ruiz
1139,Carmen,Serrano Santos
1140,Manuel,Suárez Rodríguez
1141,Diego,Delgado Cano
1142,Aitana,Álvarez Guerrero
1143,Claudia,Castillo Méndez
1144,Alba,Morales Moreno
1145,David,Cruz Suárez
1146,Pablo,Martínez Ruiz
1147,Mario,Lozano Jiménez
1148,Alejandro,Domínguez Cortés
1149,Hugo,Prieto Lozano
1150,Javier,Navarro Pérez
1151,Sergio,Gutiérrez Cruz
1152,Mario,Gómez Prieto
1153,David,González Fernández
1154,Alba,Gómez Fernández
1155,Daniela,Ramos Ramos
1156,Daniela,Blanco Iglesias
1157,Diego,Díaz Serrano
1158,Sergio,Santos Molina
1159,Adrián,Molina Medina
1160,Marcos,López Ramos
1161,Óscar,Santos Suárez
1162,Claudia,López Molina
1163,Raquel,Ortiz Marín
1164,Carmen,Marín Delgado
1165,Raquel,Rodríguez Medina
1166,Jorge,Díaz Méndez
1167,Marcos,Marín Guerrero
1168,Diego,Alonso Medina
1169,Álvaro,Jiménez Gómez
1170,Andrea,Domínguez Méndez
1171,Nicolás,García González
1172,Eva,Blanco Pérez
1173,Rubén,Gutiérrez Castillo
1174,Rubén,Rodríguez Ortega
1175,Rubén,Jiménez Serrano
1176,Jorge,Domínguez Domínguez
1177,María,Gutiérrez Díaz
1178,Jorge,Calvo Ortega
1179,Eva,Gutiérrez García
1180,Julia,Domínguez Jiménez
1181,Carmen,Marín Molina
1182,María,Suárez Molina
1183,Adriana,Ortiz Molina
1184,Hugo,Díaz Domínguez
1185,Elena,Guerrero Iglesias
1186,María,Alonso Suárez
1187,Paula,Castro Blanco
1188,David,Martínez Prieto
1189,Adriana,Suárez Torres
1190,María,Álvarez Cruz
1191,Jorge,Santos Marín
1192,Mario,Guerrero Sanz
1193,Carmen,Gil Jiménez
1194,Marta,Ramos Guerrero
1195,Daniela,Alonso Marín
1196,Daniela,Pérez Santos
1197,Sergio,Castillo Rodríguez
1198,Sergio,Rubio Delgado
1199,Mario,Gutiérrez Torres
1200,Eva,Marín Lozano
1201,Marta,Rubio Santos
1202,Eva,Guerrero Navarro
1203,Marta,Gómez Jiménez
1204,Daniel,Rodríguez Cortés
1205,Eva,Moreno Cruz
1206,Hugo,Martínez Marín
1207,Sergio,Molina González
1208,Raquel,Hernández Alonso
1209,Irene,Rubio Martínez
1210,Sergio,Martín Martínez
1211,Adrián,Ortiz Hernández
1212,Jorge,Medina Torres
1213,Álvaro,Delgado Sánchez
1214,Javier,Ruiz López
1215,Lucía,Álvarez Delgado
1216,Elena,Fernández Muñoz
1217,Hugo,Ruiz Alonso
1218,Marcos,Delgado Blanco
1219,Alejandro,Hernández González
1220,María,Domínguez González
1221,Daniela,Guerrero Medina
1222,Mario,Cortés Prieto
1223,Diego,Vázquez Blanco
1224,Andrea,Delgado Ortiz
1225,Marcos,Ortiz Martínez
1226,María,Guerrero López
1227,Laura,Delgado Sánchez
1228,María,Gómez Hernández
1229,Marta,González Medina
1230,Irene,Fernández Molina
1231,Alejandro,Romero Ortega
1232,Mario,Martínez Gómez
1233,Adriana,Ortega Calvo
1234,Javier,Jiménez Ortiz
1235,Mario,Castillo Ruiz
1236,María,Guerrero Romero
1237,Pablo,Muñoz Hernández
1238,Sara,Gil Pérez
1239,Miguel,Rubio Sánchez
1240,Eva,Calvo Cruz
1241,Andrea,Hernández Hernández
1242,Sergio,Gil Rodríguez
1243,María,Martínez Jiménez
1244,Alba,Ruiz Cortés
1245,Paula,Guerrero Ramos
1246,Álvaro,Molina Pérez
1247,Julia,García Castillo
1248,Hugo,Torres Marín
1249,Nuria,Cano Martín
1250,Rubén,Gómez Torres
1251,Lucía,Ortega Lozano
1252,Paula,Martínez Álvarez
1253,David,Vázquez Blanco
1254,David,López Gómez
1255,Javier,Domínguez Guerrero
1256,Marta,Álvarez Marín
1257,Alba,Hernández Santos
1258,Rubén,Sánchez Pérez
1259,Raquel,Cano Cano
1260,Álvaro,Santos Cruz
1261,Daniela,González Díaz
1262,Sofía,Torres Calvo
1263,Manuel,Cruz Ortiz
1264,Adriana,Castillo Gómez
1265,Marcos,Sánchez Ramos
1266,Claudia,Díaz Sanz
1267,Marta,Ortiz Torres
1268,Carmen,González Fernández
1269,Sofía,Marín Alonso
1270,Nicolás,Ruiz Alonso
1271,Andrea,Jiménez Pérez
1272,Raquel,Muñoz Pérez
1273,Nuria,Navarro Suárez
1274,Marcos,Martín Sánchez
1275,Laura,Rubio Muñoz
1276,Daniel,Blanco Méndez
1277,Iván,Cruz Marín
1278,Óscar,Gil Pérez
1279,Nicolás,Guerrero Navarro
1280,Claudia,Fernández Iglesias
1281,Daniel,Vázquez Martín
1282,Elena,Castillo Sánchez
1283,Alba,Calvo Pérez
1284,David,Delgado Ortega
1285,Marta,Rubio Cortés
1286,Hugo,Álvarez González
1287,Carmen,Cano Navarro
1288,David,Morales Ruiz
1289,Carmen,Molina Pérez
1290,Sara,Ruiz Lozano
1291,Carmen,Prieto Pérez
1292,Adrián,Rubio Álvarez
1293,Aitana,Domínguez Domínguez
1294,Rubén,Cortés Guerrero
1295,Eva,Cortés López
1296,Nicolás,Torres Ortega
1297,Paula,Castro Calvo
1298,Claudia,Romero Rodríguez
1299,Nicolás,Ortiz Moreno
1300,Óscar,Gutiérrez Moreno
1301,Óscar,Gutiérrez Medina
1302,Sara,Cortés Sánchez
1303,Óscar,García Ortega
1304,Lucía,López Álvarez
1305,Marcos,Ortiz Álvarez
1306,Óscar,Sanz Castillo
1307,Marta,González Alonso
1308,Lucía,Calvo Alonso
1309,Óscar,López Castro
1310,Lucía,Domínguez Lozano
1311,Nuria,Torres Méndez
1312,María,López Marín
1313,Carmen,Sanz Ramos
1314,Hugo,Martín Fernández
1315,María,Muñoz Castillo
1316,Aitana,Gil Castro
1317,Raquel,Martín García
1318,Claudia,Gutiérrez González
1319,Diego,Ramos Alonso
1320,Carmen,Vázquez Gómez
1321,Andrea,Sanz Suárez
1322,Diego,Rodríguez Torres
1323,Nuria,Moreno Ramos
1324,Daniel,Ramos Martín
1325,Paula,Fernández Pérez
1326,Carmen,Rodríguez Rubio
1327,Sergio,Navarro Moreno
1328,María,Ortega García
1329,Laura,Cano Castillo
1330,Elena,Domínguez Guerrero
1331,Irene,Ortega Iglesias
1332,Carmen,García Sánchez
1333,Sergio,Gómez Suárez
1334,Elena,Cruz Morales
1335,Sofía,Gómez Gutiérrez
1336,Hugo,Sanz Marín
1337,Aitana,Marín Cruz
1338,Paula,Romero Vázquez
1339,Julia,Marín Cano
1340,Adriana,Castillo Martínez
1341,Claudia,Martínez Hernández
1342,Iván,Rodríguez García
1343,Julia,Molina Romero
1344,Raquel,González Cortés
1345,Rubén,Pérez Castro
1346,Javier,Iglesias Torres
1347,Irene,Gil González
1348,Álvaro,Gil Calvo
1349,Elena,Díaz Ruiz
1350,Raquel,Iglesias Prieto
1351,Álvaro,Cortés Domínguez
1352,David,Santos Lozano
1353,Mario,Marín Sanz
1354,Alejandro,Cortés Sánchez
1355,Diego,Marín Romero
1356,Javier,Alonso Muñoz
1357,Marta,Pérez Prieto
1358,María,Ortega Morales
1359,Marta,Guerrero Navarro
1360,Mario,Navarro Vázquez
1361,María,Iglesias Fernández
1362,María,Cruz Rubio
1363,Adriana,González Díaz
1364,Aitana,Vázquez Romero
1365,Iván,Moreno Torres
1366,Julia,Medina Blanco
1367,Daniel,González Ortega
1368,Diego,Blanco Hernández
1369,Óscar,Romero Romero
1370,Lucía,Vázquez Pérez
1371,Andrea,Méndez Díaz
1372,Manuel,Sánchez Torres
1373,Iván,Gil Romero
1374,Sara,González Hernández
1375,Raquel,Prieto González
1376,Marcos,Torres Sánchez
1377,Sofía,Martín Rubio
1378,Lucía,Castro Prieto
1379,Daniel,Molina Cortés
1380,Nicolás,Fernández Muñoz
1381,Álvaro,Muñoz Alonso
1382,Alejandro,Alonso Molina
1383,Julia,Santos Serrano
1384,Manuel,Torres Prieto
1385,Diego,Gómez Pérez
1386,Irene,Fernández Vázquez
1387,Carmen,Molina Castillo
1388,Elena,Serrano Morales
1389,Álvaro,Torres García
1390,Daniel,Cano Martín
1391,David,Torres Martínez
1392,Sergio,Fernández Moreno
1393,Adriana,Castillo Cortés
1394,Javier,Marín Santos
1395,Jorge,Castillo Gil
1396,Pablo,Hernández Castro
1397,Adrián,Gutiérrez Rubio
1398,Marta,Hernández Suárez
1399,Javier,Castro Torres
1400,Antonio,Méndez Díaz
1401,Aitana,Gómez Ortega
1402,Daniel,Vázquez Gil
1403,María,Calvo Lozano
1404,Irene,Calvo Álvarez
1405,Óscar,Serrano Guerrero
1406,María,Jiménez Díaz
1407,Mario,Martín Prieto
1408,Jorge,Ramos Lozano
1409,Sara,Muñoz Sánchez
1410,Marcos,Ortiz Navarro
1411,Mario,López González
1412,Eva,Jiménez Álvarez
1413,Nicolás,Pérez Ortiz
1414,Manuel,Romero Ortega
1415,Miguel,Vázquez Torres
1416,Sofía,Calvo Méndez
1417,Marta,Calvo Castro
1418,Daniel,Hernández Iglesias
1419,Daniel,Sanz Delgado
1420,Nicolás,Hernández Cano
1421,Daniela,Gómez Ramos
1422,Nicolás,Cruz Díaz
1423,Carmen,Fernández Medina
1424,Daniel,Sánchez Santos
1425,Sara,Blanco Sanz
1426,Laura,Cano Gómez
1427,Diego,Ortega Domínguez
1428,Julia,Martínez Serrano
1429,Sofía,Martínez Romero
1430,Eva,Prieto Serrano
1431,Carmen,Moreno Romero
1432,Irene,Guerrero Guerrero
1433,Nicolás,Prieto Sanz
1434,Iván,Lozano Medina
1435,Hugo,Cano Marín
1436,Álvaro,Torres Álvarez
1437,David,Martín González
1438,Alejandro,Navarro Romero
1439,Rubén,Sanz Navarro
1440,Manuel,Serrano Romero
1441,Julia,Gómez Moreno
1442,Rubén,Ramos Sánchez
1443,David,Lozano Ruiz
1444,Daniel,Castro Marín
1445,Álvaro,Prieto Ramos
1446,Andrea,Prieto Sanz
1447,Hugo,Calvo García
1448,Diego,Calvo López
1449,Irene,Vázquez Muñoz
1450,Andrea,Marín Muñoz
1451,Álvaro,Ortiz Gil
1452,Nuria,Gil Méndez
1453,Diego,Cano Ortiz
1454,Paula,Fernández Molina
1455,Andrea,Pérez Morales
1456,Adriana,Castillo Domínguez
1457,Iván,Molina Gutiérrez
1458,Manuel,Domínguez Martín
1459,Álvaro,Cano Castro
1460,Elena,Lozano Delgado
1461,Rubén,Prieto Martínez
1462,Marta,Rodríguez Molina
1463,Raquel,López Medina
1464,Marcos,Martínez Calvo
1465,Carmen,Rodríguez García
1466,Hugo,Guerrero Martín
1467,Raquel,Marín Rodríguez
1468,María,Morales Navarro
1469,Elena,Álvarez Prieto
1470,Julia,Iglesias Muñoz
1471,Lucía,Castillo Marín
1472,Daniela,Alonso Martínez
1473,Laura,Rubio García
1474,Andrea,Fernández Navarro
1475,Mario,Cruz Alonso
1476,Aitana,Alonso Santos
1477,Miguel,Ramos Rodríguez
1478,Mario,Martínez Sanz
1479,Álvaro,Romero Gil
1480,Diego,Calvo Delgado
1481,Nuria,Sánchez Castro
1482,Raquel,Vázquez Muñoz
1483,Carmen,Romero Navarro
1484,Nuria,García Martín
1485,Daniel,Gutiérrez Gutiérrez
1486,Alba,Cortés Ruiz
1487,Alba,Sánchez Suárez
1488,Aitana,García Vázquez
1489,Hugo,Romero Torres
1490,Antonio,Sanz Martín
1491,Laura,Alonso Jiménez
1492,María,Romero Serrano
1493,Antonio,Ortega Iglesias
1494,Laura,López Méndez
1495,Elena,Gómez Navarro
1496,Carmen,Lozano Torres
1497,Marcos,Ortiz Medina
1498,Diego,Cortés Lozano
1499,Iván,Lozano Álvarez
1500,Manuel,Ramos Cruz
1501,Eva,Fernández Ruiz
1502,Adrián,Suárez Pérez
1503,Rubén,Cruz Cano
1504,David,Rubio Álvarez
1505,Alba,Cortés Molina
1506,Miguel,Vázquez Iglesias
1507,Javier,Sanz Méndez
1508,Lucía,Moreno González
1509,Diego,Romero Delgado
1510,Nicolás,Medina Martínez
1511,Jorge,Ortega Sanz
1512,Daniel,Martínez González
1513,Lucía,Prieto Domínguez
1514,Raquel,Serrano Navarro
1515,Jorge,Rubio Gil
1516,Daniel,Ortiz Gutiérrez
1517,Adrián,Martínez Marín
1518,Pablo,Ortega Hernández
1519,Eva,Castro Sánchez
1520,Claudia,Martín Morales
1521,Miguel,Navarro Hernández
1522,Rubén,Pérez Jiménez
1523,Nicolás,Gil Muñoz
1524,Raquel,Morales Gil
1525,Nicolás,Ortiz Ramos
1526,Lucía,Romero Fernández
1527,Elena,Álvarez Delgado
1528,David,Méndez Martínez
1529,Daniela,Romero Cruz
1530,Sara,Vázquez Cruz
1531,Diego,Romero Muñoz
1532,Miguel,Cano Lozano
1533,Óscar,González Díaz
1534,Daniela,Ortega Fernández
1535,David,Medina Delgado
1536,Nuria,Romero Pérez
1537,Nicolás,González Muñoz
1538,Daniela,Ortega Martínez
1539,Óscar,Martín Suárez
1540,Sofía,Álvarez Moreno
1541,Sofía,Medina Castro
1542,Nicolás,Gil Cortés
1543,Miguel,Serrano Suárez
1544,María,Muñoz Castillo
1545,Álvaro,Álvarez Gómez
1546,Marcos,González Vázquez
1547,Mario,Navarro Navarro
1548,Raquel,Rodríguez Ortiz
1549,Alba,Medina Guerrero
1550,Daniel,García Ortega
1551,Nuria,Medina Cruz
1552,Daniela,Marín Martín
1553,Nuria,Marín Pérez
1554,Elena,Díaz López
1555,Mario,González Cruz
1556,Jorge,Fernández Prieto
1557,Pablo,Ortega Álvarez
1558,Mario,Sánchez Marín
1559,David,Santos Serrano
1560,Rubén,Hernández Pérez
1561,Raquel,Sanz Cortés
1562,Rubén,Domínguez García
1563,Nicolás,Díaz Álvarez
1564,Daniela,Díaz Rodríguez
1565,Aitana,Rodríguez Navarro
1566,Andrea,López Castro
1567,Sergio,Lozano Cano
1568,Nuria,Domínguez Medina
1569,Sofía,Ortiz Prieto
1570,Aitana,Serrano Díaz
1571,Alba,Jiménez López
1572,Julia,Blanco Lozano
1573,Marcos,Sanz Ruiz
1574,Javier,Ruiz Suárez
1575,Paula,Martínez Martínez
1576,Mario,Suárez Guerrero
1577,Raquel,Álvarez Molina
1578,Alejandro,Sánchez Jiménez
1579,Daniela,Medina Jiménez
1580,Alejandro,Prieto Ortega
1581,Nicolás,Fernández Castro
1582,Alba,Morales Moreno
1583,Álvaro,Ruiz Martínez
1584,Manuel,Álvarez Sánchez
1585,Daniel,Navarro Álvarez
1586,Manuel,Guerrero Cano
1587,Javier,Rodríguez Prieto
1588,Antonio,Rodríguez Castillo
1589,Julia,Méndez Ruiz
1590,Sofía,Hernández Ruiz
1591,Raquel,Navarro Serrano
1592,Hugo,García Navarro
1593,Eva,Moreno Méndez
1594,Eva,Gutiérrez Martín
1595,Hugo,Muñoz Sánchez
1596,Daniela,García Pérez
1597,Andrea,Castillo Sánchez
1598,Julia,Sanz Romero
1599,Irene,Jiménez Guerrero
1600,Alba,Calvo Alonso
1601,Raquel,Navarro Gil
1602,Daniel,Hernández Castillo
1603,Claudia,Cano Castro
1604,Julia,Díaz Cortés
1605,Sofía,Delgado Moreno
1606,Mario,Suárez Gutiérrez
1607,Manuel,Vázquez Fernández
1608,Alba,Ruiz Ruiz
1609,Manuel,Martín Gómez
1610,Sofía,Delgado Alonso
1611,Óscar,Rubio Fernández
1612,Diego,Santos Díaz
1613,Lucía,Álvarez Molina
1614,Hugo,Jiménez Moreno
1615,Óscar,González Cruz
1616,Claudia,Torres Marín
1617,Laura,Cruz Ortiz
1618,Daniel,Navarro Lozano
1619,Raquel,Blanco Sanz
1620,María,Calvo Ortiz
1621,Andrea,Domínguez Álvarez
1622,Adriana,Díaz Ortiz
1623,Adriana,Iglesias Sanz
1624,Lucía,Delgado Gutiérrez
1625,Carmen,Molina Gutiérrez
1626,Andrea,López Cano
1627,Irene,Ruiz García
1628,Sergio,Molina Vázquez
1629,Adriana,Ramos Álvarez
1630,Adrián,Fernández Alonso
1631,Miguel,Castro Marín
1632,David,Martínez Suárez
1633,Rubén,Álvarez González
1634,Raquel,Martínez Medina
1635,Aitana,Ramos Fernández
1636,David,Vázquez Romero
1637,Marta,Serrano Delgado
1638,Alba,Cano Ortega
1639,Claudia,Domínguez Muñoz
1640,Carmen,Ramos Cruz
1641,Carmen,Cruz Blanco
1642,Hugo,Marín Pérez
1643,Elena,Cruz Torres
1644,Paula,Castillo Cruz
1645,Javier,Rodríguez Jiménez
1646,Alba,Moreno Díaz
1647,Carmen,López Sánchez
1648,Eva,Domínguez Álvarez
1649,Nicolás,Gutiérrez Cruz
1650,Hugo,Prieto Marín
1651,Jorge,Lozano Ortega
1652,Carmen,Ortiz López
1653,Javier,Alonso Blanco
1654,Irene,Moreno García
1655,Rubén,Gil Medina
1656,Eva,Díaz Jiménez
1657,Óscar,Guerrero Delgado
1658,Aitana,Álvarez Álvarez
1659,Álvaro,Torres Cortés
1660,Adriana,Ortega García
1661,Daniel,García García
1662,Álvaro,Martín García
1663,Carmen,Díaz Marín
1664,Carmen,Gutiérrez Sánchez
1665,Marta,Muñoz Martín
1666,Pablo,Fernández López
1667,Marcos,Castro Muñoz
1668,Julia,Ramos Castillo
1669,Adriana,Hernández Cano
1670,Adrián,Rubio Morales
1671,Adrián,Méndez Gutiérrez
1672,Antonio,Calvo Fernández
1673,Marcos,Gil Prieto
1674,Sara,Muñoz Gutiérrez
1675,Sofía,Rodríguez Ortega
1676,Sergio,Santos Marín
1677,Eva,Pérez Santos
1678,Álvaro,Domínguez Navarro
1679,Mario,Gómez Delgado
1680,Pablo,Romero Suárez
1681,Adrián,Lozano Molina
1682,Mario,Blanco Ramos
1683,Nuria,Romero Álvarez
1684,Manuel,Rubio Pérez
1685,Lucía,Jiménez Méndez
1686,Irene,Marín Moreno
1687,Pablo,Calvo Santos
1688,Sara,Castillo Ortiz
1689,David,Moreno Vázquez
1690,Andrea,Alonso Molina
1691,Eva,Romero Hernández
1692,Claudia,Ruiz Sanz
1693,Aitana,Prieto Moreno
1694,Lucía,Muñoz Fernández
1695,Eva,Sanz Gutiérrez
1696,Elena,Calvo Ortega
1697,Adriana,Domínguez Ortega
1698,Sofía,García Suárez
1699,Elena,Rodríguez López
1700,Irene,Ramos Jiménez
1701,Mario,García Hernández
1702,María,Guerrero Gutiérrez
1703,Álvaro,Cruz López
1704,Miguel,Molina Serrano
1705,Jorge,Gutiérrez Martínez
1706,Hugo,Domínguez Cruz
1707,Claudia,Méndez Castillo
1708,David,Méndez Hernández
1709,Daniel,Gutiérrez Sanz
1710,Daniela,Molina Gutiérrez
1711,María,Castro Ortiz
1712,Adrián,Jiménez Sánchez
1713,Hugo,Gutiérrez Suárez
1714,Marcos,Prieto Sánchez
1715,Marta,Cortés Ortega
1716,Andrea,Gil Martín
1717,Julia,Pérez González
1718,Sofía,Gómez Calvo
1719,Jorge,Calvo Delgado
1720,Daniel,Ortiz Ortiz
1721,Miguel,Marín Domínguez
1722,Alba,Rodríguez Castro
1723,Antonio,Gómez Rubio
1724,Adriana,Martín Navarro
1725,Iván,Álvarez Lozano
1726,Antonio,Medina Muñoz
1727,Hugo,Alonso Marín
1728,Elena,Gutiérrez Serrano
1729,Alejandro,Martín Torres
1730,Manuel,Hernández Ruiz
1731,Eva,Calvo Muñoz
1732,Javier,Moreno López
1733,Rubén,Guerrero Gutiérrez
1734,Marcos,Ramos Castillo
1735,Antonio,Álvarez Jiménez
1736,Raquel,Sanz López
1737,Daniel,Cruz Castro
1738,Miguel,Guerrero Martínez
1739,Rubén,López Medina
1740,Laura,Guerrero Gil
1741,Nuria,Lozano Ortega
1742,Mario,Pérez Martínez
1743,Diego,Gómez Medina
1744,Andrea,Martín Vázquez
1745,Álvaro,Álvarez Iglesias
1746,Nuria,Hernández Vázquez
1747,Eva,Domínguez Vázquez
1748,David,Ruiz García
1749,Diego,Díaz Hernández
1750,Sergio,Álvarez Navarro
1751,Nicolás,Gómez Molina
1752,Paula,Gómez Medina
1753,Nuria,Jiménez Torres
1754,Rubén,Hernández Ortiz
1755,Daniel,Pérez Navarro
1756,Irene,Álvarez Ortiz
1757,Marta,Delgado Molina
1758,Raquel,Lozano Ramos
1759,Andrea,Jiménez Prieto
1760,Rubén,Marín Gutiérrez
1761,Daniela,Sanz Ortiz
1762,Marcos,Moreno Muñoz
1763,Rubén,Hernández Molina
1764,Javier,Jiménez Castillo
1765,Laura,Jiménez Martín
1766,Nicolás,Jiménez Prieto
1767,María,González Lozano
1768,Julia,Iglesias Medina
1769,Marcos,Rubio Martínez
1770,Hugo,Gutiérrez Suárez
1771,Miguel,Vázquez Fernández
1772,Aitana,Jiménez Martínez
1773,Laura,Cruz Hernández
1774,Diego,Morales Delgado
1775,Alejandro,Sanz Suárez
1776,Adriana,Sanz Guerrero
1777,Julia,Méndez Morales
1778,Sara,Rodríguez González
1779,Elena,Santos Blanco
1780,Elena,Torres Ortiz
1781,Aitana,Lozano Serrano
1782,Miguel,Cano Hernández
1783,Pablo,Santos González
1784,Andrea,García Lozano
1785,David,López Castro
1786,Diego,Martín Domínguez
1787,Marta,Álvarez Rodríguez
1788,David,Cano Ortiz
1789,David,Muñoz Prieto
1790,Laura,Moreno Ortega
1791,Aitana,Prieto Ortiz
1792,Eva,Torres Díaz
1793,Rubén,Martínez García
1794,Alejandro,Marín Delgado
1795,Alba,Hernández Alonso
1796,Sara,Ortega González
1797,Adriana,López Díaz
1798,David,Cruz Martín
1799,Aitana,Iglesias Moreno
1800,Marta,Ortega Medina
1801,Álvaro,Calvo Rodríguez
1802,Claudia,Fernández Rubio
1803,Pablo,Blanco Gil
1804,Nuria,Hernández Morales
1805,Alejandro,Vázquez Ortega
1806,Antonio,Sanz Suárez
1807,Laura,Martín Ortiz
1808,Hugo,Castillo Cortés
1809,Julia,Romero Méndez
1810,Alba,Díaz Martín
1811,Raquel,Delgado Díaz
1812,Andrea,Fernández Cortés
1813,Diego,Castro Hernández
1814,Aitana,Gómez Gutiérrez
1815,Carmen,Domínguez Calvo
1816,Raquel,Molina Delgado
1817,Daniela,Blanco Delgado
1818,Daniela,Vázquez Domínguez
1819,Aitana,González Vázquez
1820,Nuria,Blanco Díaz
1821,Marcos,Álvarez Rodríguez
1822,Laura,Gómez Gutiérrez
1823,María,Iglesias Calvo
1824,Aitana,Cortés Alonso
1825,Paula,Cano Cortés
1826,Mario,Romero Sánchez
1827,Alba,Hernández Sanz
1828,Mario,Alonso López
1829,Hugo,Calvo Rodríguez
1830,Hugo,García Pérez
1831,Mario,Cortés López
1832,Andrea,Sánchez Prieto
1833,Diego,Serrano Torres
1834,Iván,Prieto González
1835,Alba,Álvarez Álvarez
1836,Iván,Gutiérrez Jiménez
1837,Daniel,Domínguez Martín
1838,David,Medina Álvarez
1839,Elena,Serrano Ortiz
1840,Irene,Méndez Morales
1841,Paula,Calvo Méndez
1842,Antonio,Muñoz Sanz
1843,Javier,Gutiérrez Rubio
1844,Antonio,Martín Ortiz
1845,Hugo,Guerrero Cortés
1846,Sergio,Ruiz Cortés
1847,Nicolás,Sanz Domínguez
1848,Miguel,Alonso Ortega
1849,Paula,Calvo Jiménez
1850,Javier,Torres Gutiérrez
1851,Adriana,Méndez Gómez
1852,Eva,Torres Castillo
1853,Carmen,Vázquez Vázquez
1854,Mario,Ramos Fernández
1855,Raquel,Prieto Iglesias
1856,Álvaro,Álvarez Ruiz
1857,Mario,Blanco Cano
1858,Pablo,Pérez Domínguez
1859,Sara,Marín Cortés
1860,Marcos,Guerrero Romero
1861,Marcos,Ruiz Suárez
1862,Diego,Castro Domínguez
1863,Iván,Moreno Martín
1864,Julia,Méndez Serrano
1865,Jorge,Domínguez Pérez
1866,Antonio,Calvo Moreno
1867,Pablo,Rodríguez Castro
1868,Andrea,Suárez Jiménez
1869,Nuria,Delgado Morales
1870,Adriana,Santos Cano
1871,Claudia,Cano Vázquez
1872,Pablo,Moreno Gutiérrez
1873,Irene,Pérez Gómez
1874,Pablo,Torres Lozano
1875,Nicolás,González Ruiz
1876,Marta,Gómez Marín
1877,Mario,Ortega Santos
1878,Sergio,Sanz Blanco
1879,Álvaro,Torres Gil
1880,Alejandro,Cano Vázquez
1881,Aitana,Morales Guerrero
1882,Sofía,Jiménez Lozano
1883,Pablo,Molina Cano
1884,Diego,Gómez Martínez
1885,Miguel,Blanco Castro
1886,Mario,Rodríguez López
1887,Marta,Vázquez Fernández
1888,Julia,Sanz Sanz
1889,Claudia,Méndez Prieto
1890,Claudia,Navarro Sánchez
1891,Sergio,Suárez Ramos
1892,Antonio,Blanco Alonso
1893,Alejandro,Guerrero Ramos
1894,Daniel,Cortés Cruz
1895,Lucía,Fernández Martínez
1896,Miguel,Domínguez Hernández
1897,Óscar,Suárez Ramos
1898,Jorge,Méndez Iglesias
1899,Rubén,Martínez Prieto
1900,Elena,Marín Martínez
1901,Sara,Guerrero Ruiz
1902,Diego,Iglesias Sanz
1903,Irene,Martínez Cortés
1904,Daniel,Muñoz Sánchez
1905,Elena,Díaz González
1906,Alejandro,Morales Sánchez
1907,Marcos,Ortiz Serrano
1908,Alejandro,Castillo Prieto
1909,Adrián,Pérez Fernández
1910,Paula,Ramos Molina
1911,Daniela,Prieto Hernández
1912,Adriana,Alonso Navarro
1913,Daniel,Martínez Ruiz
1914,Sergio,Calvo Jiménez
1915,María,Hernández Rodríguez
1916,Marta,Muñoz Gómez
1917,Daniel,Calvo Suárez
1918,Paula,Castro Blanco
1919,Aitana,Rodríguez Suárez
1920,Eva,Rodríguez Blanco
1921,Rubén,Cano Suárez
1922,Daniela,Delgado Gómez
1923,Rubén,Navarro Blanco
1924,Julia,Díaz Sanz
1925,Mario,Díaz Muñoz
1926,Alba,Martín López
1927,Jorge,Gil Rodríguez
1928,Sara,Hernández Romero
1929,Laura,Alonso Domínguez
1930,Mario,Gil Vázquez
1931,Javier,Castro Delgado
1932,Alejandro,Romero Méndez
1933,Mario,Fernández Cortés
1934,Álvaro,Suárez Blanco
1935,Manuel,Rodríguez Domínguez
1936,Diego,Gil Prieto
1937,Eva,Pérez Ortiz
1938,María,Fernández Hernández
1939,Andrea,Iglesias Marín
1940,Diego,Molina Cruz
1941,Marta,Prieto Vázquez
1942,David,Castillo Iglesias
1943,Elena,Domínguez Sánchez
1944,Marcos,Navarro Rodríguez
1945,Diego,Navarro Blanco
1946,Daniela,Pérez Ramos
1947,Julia,Alonso Hernández
1948,David,Prieto Gil
1949,Diego,Álvarez Torres
1950,Irene,Suárez González
1951,Rubén,Molina Suárez
1952,Daniela,Rubio Gómez
1953,María,Gutiérrez Ortega
1954,Sofía,Castro López
1955,Sergio,Ortega Serrano
1956,Laura,Díaz Marín
1957,Jorge,Santos Ortega
1958,Julia,Álvarez Cortés
1959,Álvaro,Hernández Morales
1960,Javier,Suárez Muñoz
1961,Sergio,Cano Castro
1962,Hugo,Díaz Rodríguez
1963,Eva,Jiménez Suárez
1964,Marcos,Martín González
1965,Óscar,Cortés Ruiz
1966,Marta,Molina Prieto
1967,Raquel,Sánchez García
1968,Claudia,Lozano Torres
1969,Alba,Ortega Santos
1970,Paula,Gutiérrez Hernández
1971,Pablo,Domínguez Ramos
1972,Manuel,Muñoz Delgado
1973,Marta,Rodríguez Ortiz
1974,Laura,López Cortés
1975,Alba,Guerrero Santos
1976,Julia,Vázquez González
1977,Laura,Molina Méndez
1978,Pablo,Muñoz Lozano
1979,Lucía,Rubio Gómez
1980,Antonio,García Delgado
1981,Manuel,Ramos Alonso
1982,Marta,Pérez Sánchez
1983,Alejandro,Martín Gil
1984,Adriana,Guerrero Prieto
1985,Hugo,Jiménez Méndez
1986,Adriana,Sánchez Calvo
1987,Rubén,Fernández Gil
1988,Óscar,Ortiz Romero
1989,Paula,Suárez Moreno
1990,Mario,Romero Gómez
1991,María,Gil Sánchez
1992,Sergio,Serrano Serrano
1993,Diego,Lozano Vázquez
1994,Daniela,Cruz Guerrero
1995,Alejandro,Marín González
1996,Javier,Sánchez Ortega
1997,Adrián,Romero Méndez
1998,Sara,Martínez Calvo
1999,Hugo,Suárez Ortega
2000,Álvaro,Moreno Guerrero
2001,Carmen,Pérez Vázquez
2002,Pablo,Santos Sánchez
2003,Julia,Cano Ramos
2004,Julia,Prieto Iglesias
2005,Eva,Serrano Torres
2006,Nuria,Moreno Ortiz
2007,Mario,Iglesias Domínguez
2008,Marta,Gómez Marín
2009,Laura,Suárez Blanco
2010,Marcos,Méndez Suárez
2011,Marta,Rubio Delgado
2012,Eva,Martín Fernández
2013,Adrián,Jiménez González
2014,Daniel,Muñoz Álvarez
2015,Daniel,Romero Morales
2016,Carmen,Lozano López
2017,Elena,Cortés López
2018,Sofía,Domínguez Prieto
2019,Sergio,Muñoz Ramos
2020,Laura,Blanco Guerrero
2021,Claudia,Domínguez Gutiérrez
2022,Daniela,Martínez Martín
2023,Laura,Castro González
2024,Rubén,Díaz Díaz
2025,Adriana,Gómez Moreno
2026,Sara,Medina Calvo
2027,Álvaro,Cruz Suárez
2028,María,Suárez Castillo
2029,Raquel,Álvarez González
2030,Carmen,Ortiz Suárez
2031,Antonio,Navarro Sanz
2032,Mario,Rodríguez Jiménez
2033,Jorge,Santos Romero
2034,Paula,Rodríguez Castillo
2035,Nicolás,Alonso Cruz
2036,Óscar,Ruiz Guerrero
2037,Nuria,Prieto Rubio
2038,Nicolás,Iglesias Delgado
2039,Diego,Calvo Molina
2040,Diego,Molina Moreno
2041,Aitana,Fernández Molina
2042,Lucía,Cruz López
2043,Adrián,Romero Rubio
2044,Diego,Santos Guerrero
2045,Marta,Castro Suárez
2046,Nicolás,Rodríguez Fernández
2047,Pablo,Iglesias Martín
2048,Hugo,Molina Torres
2049,Sergio,Rodríguez Delgado
2050,Alejandro,Martín Sanz
2051,Daniel,Méndez Gutiérrez
2052,Elena,Cano Cano
2053,Daniel,Díaz Castillo
2054,Diego,Álvarez López
2055,Rubén,Santos Muñoz
2056,Marcos,Martínez González
2057,Daniela,Muñoz Méndez
2058,Nicolás,Muñoz Ruiz
2059,Lucía,Ortega Pérez
2060,Carmen,Molina Gil
2061,Eva,Cortés Álvarez
2062,Diego,Ruiz Molina
2063,Javier,Rodríguez Hernández
2064,Jorge,Alonso Méndez
2065,Lucía,Ramos Rodríguez
2066,Antonio,García Álvarez
2067,Sara,Cortés Marín
2068,Nuria,Gómez Navarro
2069,Miguel,Gómez Ortega
2070,Hugo,Cruz Castro
2071,Alba,Cruz Calvo
2072,Eva,Suárez Prieto
2073,Miguel,Moreno Prieto
2074,Nicolás,Alonso Martín
2075,Pablo,Castillo Ramos
2076,Diego,Blanco Ramos
2077,Iván,Vázquez Medina
2078,Irene,Lozano Torres
2079,María,Prieto Santos
2080,Irene,Domínguez Cano
2081,Sara,Gil Santos
2082,Carmen,Prieto Rodríguez
2083,Manuel,Sanz Navarro
2084,Manuel,Ortega Castro
2085,Elena,Sánchez Torres
2086,Miguel,Vázquez Cano
2087,David,González Domínguez
2088,Daniela,Martín Vázquez
2089,Marta,Morales Cortés
2090,María,Álvarez Cruz
2091,María,Martín Serrano
2092,Eva,Álvarez Iglesias
2093,Daniel,Gutiérrez Cruz
2094,Elena,Gutiérrez Guerrero
2095,Óscar,Domínguez García
2096,Daniel,Álvarez Sanz
2097,Irene,Fernández Muñoz
2098,Claudia,Rodríguez Prieto
2099,Claudia,Santos Jiménez
2100,Manuel,Díaz Ruiz
2101,Javier,Prieto Lozano
2102,Adrián,Guerrero Medina
2103,Sergio,Vázquez Morales
2104,Jorge,Ortega Cortés
2105,Adriana,Morales Iglesias
2106,Elena,Pérez Gómez
2107,Irene,Prieto Domínguez
2108,Julia,Pérez Ortega
2109,María,Molina Domínguez
2110,Álvaro,Cortés Álvarez
2111,Andrea,Cortés Sanz
2112,Eva,Marín Sánchez
2113,Daniel,Castillo Delgado
2114,Adrián,Iglesias López
2115,Hugo,Rubio Medina
2116,Irene,Ortega Torres
2117,Javier,Morales Rubio
2118,Daniela,Cano Gómez
2119,Raquel,Guerrero Suárez
2120,Raquel,Rodríguez Suárez
2121,Carmen,Delgado González
2122,Alba,Pérez Ruiz
2123,Paula,Rubio Cruz
2124,Adriana,Pérez Pérez
2125,Aitana,Lozano Castillo
2126,María,Gutiérrez Santos
2127,Marta,Muñoz Lozano
2128,Javier,Pérez Castillo
2129,Adrián,Guerrero Gutiérrez
2130,Andrea,Morales Lozano
2131,Alba,Torres Díaz
2132,Daniela,Muñoz Castillo
2133,Julia,Morales Marín
2134,Aitana,Suárez Romero
2135,Andrea,Navarro Ortega
2136,Manuel,Molina Guerrero
2137,Paula,Castillo Sanz
2138,Eva,Gil Calvo
2139,Sofía,Iglesias Prieto
2140,Diego,Jiménez Sánchez
2141,Miguel,Santos Alonso
2142,Irene,Cortés Delgado
2143,David,López Vázquez
2144,María,Calvo Delgado
2145,David,Sánchez Blanco
2146,Marta,Pérez Alonso
2147,Óscar,Molina Méndez
2148,Alejandro,Alonso Fernández
2149,Diego,Castillo Cano
2150,Óscar,Ruiz Sánchez
2151,Elena,Ruiz Méndez
2152,Pablo,Sanz López
2153,Nuria,Rubio Medina
2154,Paula,Cano González
2155,Alba,Jiménez Torres
2156,Antonio,Muñoz Gutiérrez
2157,Rubén,Castro Navarro
2158,Sara,Lozano Santos
2159,Laura,Delgado Torres
2160,Adrián,Jiménez Iglesias
2161,Nicolás,Domínguez Santos
2162,Mario,Cano Guerrero
2163,Lucía,Prieto Ruiz
2164,Elena,López Marín
2165,Mario,Castillo Castillo
2166,Raquel,Medina Prieto
2167,Javier,Castillo Moreno
2168,Hugo,Domínguez Vázquez
2169,Álvaro,Torres Rubio
2170,Aitana,Ramos Gutiérrez
2171,Paula,Ruiz Torres
2172,Hugo,Romero Delgado
2173,David,Marín Gómez
2174,Alejandro,Martín Alonso
2175,Pablo,Ortega Moreno
2176,Sofía,Pérez Álvarez
2177,Mario,Torres Prieto
2178,Pablo,Muñoz Sánchez
2179,Nuria,González Ortiz
2180,Óscar,Prieto Iglesias
2181,Óscar,Delgado Molina
2182,Alba,Martín Martínez
2183,Alba,Díaz Cortés
2184,Elena,Molina Pérez
2185,Alejandro,Marín Serrano
2186,Iván,Marín Castro
2187,Carmen,Hernández Ortiz
2188,David,Marín Lozano
2189,Raquel,Cruz Pérez
2190,Claudia,Alonso González
2191,Alba,Serrano Cortés
2192,Aitana,García Vázquez
2193,Paula,Martínez López
2194,David,Cortés Domínguez
2195,Iván,Rubio Muñoz
2196,Daniel,Romero García
2197,Nicolás,Guerrero Vázquez
2198,Laura,Martín Navarro
2199,Iván,Méndez Gómez
2200,Hugo,Gil Castillo
2201,Hugo,Romero González
2202,Hugo,Navarro Álvarez
2203,Diego,Guerrero Serrano
2204,Irene,Muñoz Domínguez
2205,Pablo,Ortiz Rubio
2206,Irene,Navarro Pérez
2207,María,Domínguez Navarro
2208,Hugo,Suárez Álvarez
2209,Sofía,Méndez Moreno
2210,Irene,Gómez Domínguez
2211,Adrián,Suárez Sánchez
2212,Paula,Álvarez Lozano
2213,Julia,Martínez Iglesias
2214,Lucía,Domínguez Ruiz
2215,Mario,Pérez Morales
2216,Eva,Díaz Castro
2217,Eva,Castro Blanco
2218,Carmen,Cano Castillo
2219,Raquel,Domínguez Suárez
2220,Marcos,Ramos González
2221,Jorge,Suárez Moreno
2222,María,Cano Gómez
2223,Elena,Molina Domínguez
2224,Marta,Serrano Castro
2225,Álvaro,García Domínguez
2226,Marta,Rubio Fernández
2227,Paula,Martín Alonso
2228,Irene,Suárez Pérez
2229,Andrea,Santos Alonso
2230,Alba,Cortés Díaz
2231,Eva,Prieto Torres
2232,Raquel,González Morales
2233,Eva,Díaz Martín
2234,Iván,Díaz Romero
2235,Manuel,Sanz Cortés
2236,Óscar,Cruz Martín
2237,Mario,Ortiz Medina
2238,Hugo,López Jiménez
2239,Marta,Jiménez Lozano
2240,Carmen,Fernández Álvarez
2241,Iván,Méndez Blanco
2242,Nicolás,Sanz Prieto
2243,Miguel,Rodríguez Domínguez
2244,Sergio,Muñoz Ramos
2245,Pablo,Blanco Rodríguez
2246,Laura,Díaz Romero
2247,Marcos,Santos Sánchez
2248,María,Suárez Gómez
2249,Alejandro,García Pérez
2250,Alba,López Cortés
2251,Lucía,Méndez Serrano
2252,Adriana,Martínez Medina
2253,Sergio,Moreno Ruiz
2254,Carmen,Díaz Cruz
2255,Iván,Gutiérrez Álvarez
2256,Sofía,Cortés Moreno
2257,Marcos,Torres Romero
2258,Lucía,Gil Pérez
2259,Marcos,López Rubio
2260,Javier,Castillo Sánchez
2261,Sergio,Rodríguez Guerrero
2262,Paula,Alonso Iglesias
2263,Sergio,Alonso Domínguez
2264,Óscar,Navarro Fernández
2265,Álvaro,López González
2266,Antonio,Martínez Castro
2267,Alba,Ortiz Castillo
2268,Mario,Gómez Martín
2269,Julia,Gil Domínguez
2270,Andrea,Hernández Santos
2271,Eva,Cortés Cruz
2272,Sara,Prieto Muñoz
2273,Iván,Santos Díaz
2274,Javier,Domínguez Vázquez
2275,Javier,Medina Cruz
2276,Andrea,Hernández Ramos
2277,Alejandro,Ortiz Medina
2278,Jorge,Méndez Pérez
2279,Eva,Moreno Alonso
2280,Álvaro,Sánchez Lozano
2281,Claudia,García Iglesias
2282,Álvaro,Hernández Serrano
2283,Sofía,Suárez Guerrero
2284,Marcos,García González
2285,Iván,Pérez Blanco
2286,Daniela,Sanz Gil
2287,Alba,Ortega Rubio
2288,Carmen,Blanco Vázquez
2289,Óscar,Méndez Lozano
2290,Pablo,Méndez Prieto
2291,Miguel,Serrano Fernández
2292,Sergio,García Romero
2293,Aitana,Ortiz Sánchez
2294,Andrea,Iglesias Lozano
2295,Jorge,Ortiz García
2296,Rubén,Muñoz Torres
2297,Daniela,Gómez Calvo
2298,Alejandro,Ruiz Cano
2299,Álvaro,Vázquez Díaz
2300,Javier,Medina Domínguez
2301,Eva,Fernández Pérez
2302,Sergio,López García
2303,Iván,Lozano Domínguez
2304,Sofía,Sanz Navarro
2305,Jorge,Pérez Guerrero
2306,Eva,Castillo Martín
2307,Daniel,Calvo López
2308,Paula,Domínguez Marín
2309,Diego,Sanz Ortiz
2310,Paula,Cano Romero
2311,Claudia,Díaz Medina
2312,Diego,Blanco Álvarez
2313,Adriana,Ruiz Medina
2314,Manuel,Cruz Ortiz
2315,Adriana,Gutiérrez Suárez
2316,Sofía,Ruiz García
2317,Claudia,Gil Martín
2318,Mario,Romero Lozano
2319,Paula,Blanco Cruz
2320,Nuria,Delgado Guerrero
2321,Javier,Lozano Prieto
2322,Adrián,Muñoz Romero
2323,Javier,Jiménez Alonso
2324,Lucía,Sánchez Castro
2325,Miguel,Gil Ortega
2326,Alba,Marín García
2327,Lucía,Sánchez Serrano
2328,Diego,Castillo Cano
2329,Julia,Martínez Ortiz
2330,Alejandro,Cruz Jiménez
2331,Daniela,Pérez Moreno
2332,Álvaro,Ortega Méndez
2333,David,Vázquez Pérez
2334,Elena,Ortiz Navarro
2335,Manuel,González Calvo
2336,Rubén,Cruz Torres
2337,Raquel,García Álvarez
2338,Antonio,Méndez Vázquez
2339,Lucía,Medina López
2340,Aitana,Romero Alonso
2341,Aitana,Rubio Rodríguez
2342,Sofía,Rodríguez Guerrero
2343,Lucía,Castro Molina
2344,Julia,Calvo Fernández
2345,Marta,Muñoz Alonso
2346,Julia,Calvo Romero
2347,Julia,Serrano Marín
2348,Nuria,Fernández Guerrero
2349,Alba,Rodríguez Ruiz
2350,Daniel,Blanco Torres
2351,Óscar,Rubio Castillo
2352,Manuel,Navarro Prieto
2353,Daniela,Delgado Suárez
2354,Marcos,Martínez Ortega
2355,Sergio,Gómez Martínez
2356,Sara,García Domínguez
2357,Irene,Sanz García
2358,Jorge,Calvo Moreno
2359,Lucía,Martínez Sanz
2360,Nuria,González Gutiérrez
2361,Lucía,Morales Cortés
2362,Nuria,Díaz Molina
2363,Paula,Martínez Cano
2364,Irene,Lozano Medina
2365,Marta,Vázquez Moreno
2366,Nicolás,Vázquez Iglesias
2367,Marcos,Morales Díaz
2368,Adriana,Santos Rubio
2369,Álvaro,Ramos Pérez
2370,Marcos,Delgado Morales
2371,David,Morales Prieto
2372,Alejandro,Santos Rodríguez
2373,Eva,Ortiz Ramos
2374,Hugo,Gómez Martínez
2375,Marta,Ramos Navarro
2376,María,Guerrero García
2377,David,Gómez Castro
2378,Hugo,Gutiérrez Hernández
2379,Mario,Domínguez López
2380,Raquel,Marín Domínguez
2381,Rubén,Gómez Pérez
2382,Sofía,Calvo Medina
2383,David,Medina Gómez
2384,Manuel,Ramos Cruz
2385,Claudia,Vázquez López
2386,Antonio,Iglesias Santos
2387,Adrián,Rodríguez Martín
2388,Adriana,Méndez Cortés
2389,Óscar,Moreno Moreno
2390,Sofía,Gómez Torres
2391,Paula,Muñoz Gómez
2392,Mario,González Ortiz
2393,Diego,Hernández Molina
2394,Alba,Muñoz Torres
2395,Óscar,Méndez Jiménez
2396,Manuel,Castillo Sanz
2397,Carmen,Blanco Díaz
2398,Eva,Molina Jiménez
2399,Pablo,Ruiz González
2400,Paula,Prieto Lozano
2401,Irene,Suárez Fernández
2402,Sara,Romero Iglesias
2403,María,Muñoz Cano
2404,Carmen,Rodríguez Castro
2405,Nuria,Martín Alonso
2406,Jorge,Torres Blanco
2407,Hugo,Vázquez Ramos
2408,Javier,Vázquez Medina
2409,Manuel,Blanco Romero
2410,Laura,Ortega Gil
2411,Paula,Gutiérrez Fernández
2412,Paula,Castro Suárez
2413,Jorge,Moreno Moreno
2414,Adrián,Blanco Moreno
2415,Elena,González Méndez
2416,Adrián,Romero Ortiz
2417,Diego,Álvarez Cruz
2418,Paula,Jiménez Calvo
2419,Lucía,Castro Gutiérrez
2420,Adriana,Castro Domínguez
2421,Marta,Martín Castillo
2422,Hugo,Sánchez Medina
2423,Claudia,Méndez Castro
2424,Julia,Molina Pérez
2425,Lucía,Díaz Alonso
2426,Marcos,López Martín
2427,Marta,Rubio Rodríguez
2428,Diego,Santos Rodríguez
2429,Sergio,Romero Ramos
2430,Marta,González Sanz
2431,David,Ortiz Moreno
2432,Antonio,Molina Romero
2433,Lucía,Álvarez Molina
2434,Adriana,Méndez Lozano
2435,Hugo,Guerrero Hernández
2436,David,Lozano Santos
2437,Laura,Gómez Pérez
2438,David,Morales Muñoz
2439,Lucía,Sanz Cruz
2440,Eva,Marín Castro
2441,Hugo,Suárez Domínguez
2442,Sergio,Alonso Medina
2443,María,Molina Delgado
2444,Elena,Ortega Iglesias
2445,Hugo,Torres Muñoz
2446,Daniela,Fernández Navarro
2447,Nuria,Marín Pérez
2448,Alba,Fernández Romero
2449,Hugo,Blanco Navarro
2450,Pablo,Gil Rodríguez
2451,Mario,Iglesias Calvo
2452,Pablo,Romero Sánchez
2453,Manuel,Ruiz Fernández
2454,Sara,Martín Blanco
2455,Aitana,Moreno Vázquez
2456,Aitana,Alonso Pérez
2457,Adrián,Gil Muñoz
2458,Manuel,Lozano Rodríguez
2459,Nicolás,Medina López
2460,Daniela,Navarro Pérez
2461,Sara,Suárez Lozano
2462,Sofía,Cano Muñoz
2463,Alejandro,Martínez Ramos
2464,Marcos,Suárez Sanz
2465,Jorge,Serrano Prieto
2466,Iván,Moreno Hernández
2467,Javier,Torres Prieto
2468,María,Gil Pérez
2469,Nuria,Ruiz Fernández
2470,Sergio,Molina Alonso
2471,Carmen,Blanco Hernández
2472,Miguel,Díaz Cruz
2473,Sara,Torres Álvarez
2474,David,Gómez Méndez
2475,Irene,Morales Alonso
2476,Adrián,Morales Gil
2477,Alejandro,López Santos
2478,Jorge,Gutiérrez Ruiz
2479,Irene,Suárez Hernández
2480,María,Domínguez Castro
2481,Antonio,Ruiz Marín
2482,Álvaro,Marín Ramos
2483,David,Gil Moreno
2484,Javier,Cortés Romero
2485,Álvaro,Sanz Prieto
2486,María,Suárez González
2487,Andrea,Ortiz Suárez
2488,Aitana,Pérez Castro
2489,Nuria,Vázquez Rodríguez
2490,Miguel,Pérez Santos
2491,Iván,Calvo Santos
2492,Mario,Cortés Cortés
2493,Paula,Gómez Serrano
2494,Julia,Cortés Morales
2495,Sofía,Cruz Blanco
2496,Andrea,Prieto Vázquez
2497,María,Gutiérrez Castillo
2498,Manuel,Domínguez Domínguez
2499,Alejandro,Fernández Iglesias
2500,David,Romero Domínguez
2501,Nicolás,Medina García
2502,Claudia,Cruz Castro
2503,Pablo,Martín Torres
2504,Miguel,Romero Sanz
2505,Daniel,Gutiérrez Jiménez
2506,Irene,Pérez Calvo
2507,Daniel,Martín Ruiz
2508,Javier,Castro Hernández
2509,Julia,Rodríguez Torres
2510,Elena,Iglesias Morales
2511,Alejandro,Vázquez Ruiz
2512,Daniela,Jiménez Rodríguez
2513,Aitana,Guerrero Domínguez
2514,Irene,Cano Gil
2515,Marta,García Ortiz
2516,Claudia,Rodríguez Alonso
2517,Elena,Martín Ortega
2518,Sergio,Moreno García
2519,Sergio,Hernández Navarro
2520,Sergio,Suárez Pérez
2521,Daniel,Ramos Gil
2522,Sofía,Álvarez Santos
2523,Miguel,Ramos Díaz
2524,Nuria,Lozano Lozano
2525,Laura,Jiménez Gómez
2526,Laura,Delgado Ortega
2527,Eva,Morales Fernández
2528,Alba,Medina Cruz
2529,Diego,Marín Hernández
2530,Carmen,Sanz Marín
2531,Álvaro,Rodríguez Ortega
2532,Nicolás,Álvarez Pérez
2533,Sergio,Cruz Navarro
2534,David,Martín Santos
2535,Daniel,García Gil
2536,Pablo,López Cortés
2537,Carmen,Díaz Domínguez
2538,Marta,Calvo Rubio
2539,Miguel,Ruiz Ramos
2540,Carmen,Prieto Ortiz
2541,Nicolás,García Castillo
2542,David,Romero Hernández
2543,Mario,Díaz Domínguez
2544,David,Cortés Gómez
2545,Antonio,Calvo Moreno
2546,Hugo,Calvo Díaz
2547,Julia,Vázquez González
2548,Alba,Ortega Molina
2549,Alejandro,Suárez Martín
2550,Nuria,Pérez Vázquez
2551,Sergio,Martín Domínguez
2552,Pablo,Gómez Álvarez
2553,Carmen,Castillo Rubio
2554,Jorge,Domínguez Iglesias
2555,Iván,Torres Torres
2556,Antonio,Morales Alonso
2557,Jorge,Ruiz Moreno
2558,Sara,López Sanz
2559,Sergio,Cano Romero
2560,Sofía,Romero Martín
2561,Hugo,Domínguez Guerrero
2562,Rubén,Domínguez Moreno
2563,Diego,Iglesias Gutiérrez
2564,María,Blanco Martínez
2565,Miguel,Cano Rodríguez
2566,Paula,Molina Ruiz
2567,María,Vázquez Navarro
2568,Adriana,Álvarez Ortiz
2569,Pablo,Muñoz Rubio
2570,Raquel,Lozano Serrano
2571,Irene,Gutiérrez Iglesias
2572,Nuria,Delgado Ortiz
2573,Sergio,Jiménez Ramos
2574,Alejandro,Rodríguez Castillo
2575,Nuria,Vázquez Méndez
2576,Carmen,Fernández Santos
2577,Antonio,Cano Gil
2578,Raquel,Castillo Cano
2579,Alejandro,Gil Hernández
2580,Nuria,Delgado Molina
2581,Raquel,Marín García
2582,Paula,Castillo Serrano
2583,Adriana,Iglesias Pérez
2584,Hugo,Cruz Torres
2585,Elena,García Ortega
2586,Andrea,Cruz Suárez
2587,Álvaro,Medina Cruz
2588,Marta,Marín Blanco
2589,Laura,Vázquez Torres
2590,Pablo,Prieto Cano
2591,Alejandro,Rubio Méndez
2592,David,Álvarez Ramos
2593,Paula,Cano Torres
2594,Nuria,Díaz Castillo
2595,Sara,Blanco Romero
2596,Sara,López Ortiz
2597,Elena,Prieto López
2598,Claudia,Martín Morales
2599,Julia,Delgado Marín
2600,Aitana,Iglesias Marín
2601,Irene,Delgado Prieto
2602,Alba,Ortega Castillo
2603,Elena,Sánchez Lozano
2604,Manuel,Morales Pérez
2605,Raquel,Delgado Ruiz
2606,Diego,Rubio Serrano
2607,Javier,Muñoz Delgado
2608,Hugo,Sánchez Hernández
2609,Irene,Vázquez Vázquez
2610,Nuria,Suárez Gil
2611,Sergio,Lozano Alonso
2612,Lucía,Suárez Castro
2613,Daniela,Ruiz Jiménez
2614,Alba,Méndez Guerrero
2615,Nuria,Guerrero Marín
2616,Nuria,Moreno Medina
2617,Sofía,Jiménez Santos
2618,Sofía,Sanz Fernández
2619,Marta,Rubio Rodríguez
2620,Javier,López Morales
2621,Claudia,Prieto Castillo
2622,Iván,Castillo Martín
2623,Daniela,Molina Muñoz
2624,Manuel,Morales Medina
2625,Sergio,Martín Martín
2626,Daniel,Martínez Iglesias
2627,Irene,Moreno Martín
2628,Marta,Romero Hernández
2629,Miguel,Ruiz Moreno
2630,Elena,Domínguez Sanz
2631,Alba,Suárez Ruiz
2632,Andrea,Fernández Méndez
2633,Andrea,Sanz Hernández
2634,Claudia,Díaz Morales
2635,Nicolás,Rodríguez Serrano
2636,Álvaro,Serrano Calvo
2637,Lucía,Gutiérrez García
2638,Daniel,Gil Medina
2639,Javier,Ortega Castro
2640,Andrea,Hernández Prieto
2641,Lucía,Serrano Gómez
2642,Rubén,López Lozano
2643,Nicolás,Martínez Iglesias
2644,Manuel,Ortega Calvo
2645,Iván,Medina Martínez
2646,Alejandro,Sánchez González
2647,Óscar,Iglesias Castro
2648,Adrián,Alonso Suárez
2649,Miguel,Iglesias Alonso
2650,María,Martínez Rubio
2651,Raquel,García Blanco
2652,Nuria,Morales Martín
2653,Sergio,Marín Medina
2654,Daniel,Navarro Santos
2655,Paula,Gil Pérez
2656,Lucía,Álvarez Rubio
2657,Pablo,Cruz López
2658,Eva,Santos Álvarez
2659,Irene,Ruiz Molina
2660,Alejandro,Rubio Medina
2661,Óscar,Vázquez Navarro
2662,Miguel,Delgado Castillo
2663,Aitana,Domínguez Calvo
2664,Andrea,Navarro Suárez
2665,Julia,Morales Méndez
2666,Adriana,Cruz Calvo
2667,Hugo,Méndez Méndez
2668,Sergio,Prieto Medina
2669,Irene,Gutiérrez Gómez
2670,Marcos,Gutiérrez Cruz
2671,Jorge,Navarro Sánchez
2672,Alba,Delgado Ortega
2673,Iván,Ramos Martínez
2674,Aitana,Jiménez Cruz
2675,Lucía,Álvarez Serrano
2676,Marta,Morales Pérez
2677,Daniela,Álvarez Alonso
2678,Adriana,Calvo Marín
2679,Pablo,Jiménez Calvo
2680,Alba,Calvo Cano
2681,Marta,Morales Iglesias
2682,Pablo,Pérez Hernández
2683,Adrián,Cruz Vázquez
2684,María,Ruiz Ramos
2685,Raquel,Iglesias Sánchez
2686,Daniel,Martín García
2687,Daniel,Calvo Álvarez
2688,Javier,Ortega Ortega
2689,Javier,Ortiz Vázquez
2690,Lucía,Díaz Rubio
2691,Antonio,Sanz González
2692,Pablo,Gutiérrez Ortiz
2693,Sara,Castillo Pérez
2694,Nuria,Díaz Vázquez
2695,Adrián,Álvarez Muñoz
2696,Sofía,Méndez Serrano
2697,Sergio,Suárez Molina
2698,Nuria,Santos Lozano
2699,Alba,Lozano Prieto
2700,Julia,López Pérez
2701,Carmen,López Marín
2702,Nicolás,Ruiz Sanz
2703,Lucía,Serrano Cruz
2704,Lucía,Ortega Sanz
2705,Sara,Martínez Sanz
2706,Nuria,Domínguez Álvarez
2707,Javier,Rubio Ortiz
2708,Paula,Moreno Romero
2709,Nuria,Serrano Díaz
2710,Manuel,Blanco Lozano
2711,Manuel,Alonso Rubio
2712,Sofía,Sanz Medina
2713,Sara,Romero Marín
2714,Marcos,Morales López
2715,Marta,Pérez Alonso
2716,Marcos,Guerrero Jiménez
2717,Claudia,Fernández Pérez
2718,Aitana,Hernández Jiménez
2719,Aitana,Serrano Jiménez
2720,Julia,Domínguez Ruiz
2721,Alejandro,Serrano Jiménez
2722,Miguel,Torres Díaz
2723,Adrián,Blanco Sánchez
2724,Diego,Méndez Díaz
2725,Javier,Domínguez Díaz
2726,Daniel,Álvarez Serrano
2727,Carmen,Pérez Santos
2728,Raquel,Ortega Cano
2729,Carmen,Sánchez Sánchez
2730,David,Castro Cano
2731,Irene,Martínez Cruz
2732,Sofía,Suárez Jiménez
2733,Miguel,Delgado Suárez
2734,Sara,Romero Cortés
2735,Carmen,Torres Castro
2736,Carmen,Sánchez Cortés
2737,Aitana,Iglesias Serrano
2738,Daniela,Hernández Torres
2739,Nicolás,Guerrero Gil
2740,Óscar,Santos Calvo
2741,Paula,Torres Méndez
2742,Pablo,Pérez Guerrero
2743,Julia,Sánchez Prieto
2744,Jorge,Ruiz Blanco
2745,Jorge,Muñoz Molina
2746,Carmen,Cortés Ortega
2747,Javier,Martínez Cano
2748,Paula,López Gómez
2749,Iván,Ortiz Alonso
2750,Manuel,Torres Rodríguez
2751,Nuria,Cruz Lozano
2752,Raquel,Domínguez Cortés
2753,Carmen,Moreno Calvo
2754,Andrea,Ortega Molina
2755,Adriana,Lozano Cruz
2756,Álvaro,Ramos Ortiz
2757,Adriana,Martínez Ruiz
2758,Laura,Muñoz López
2759,Nicolás,Álvarez Cortés
2760,Raquel,Ramos Gutiérrez
2761,Elena,Martínez García
2762,Raquel,Domínguez Moreno
2763,Sara,Gómez Vázquez
2764,Nicolás,Morales Delgado
2765,Marcos,Iglesias Castillo
2766,Adrián,Rubio Rubio
2767,Elena,García Calvo
2768,Carmen,Cortés Serrano
2769,Álvaro,García Pérez
2770,Antonio,González Gil
2771,Sara,Moreno Iglesias
2772,Antonio,Ruiz Gil
2773,Pablo,Delgado Ramos
2774,Javier,García Ramos
2775,María,Domínguez Pérez
2776,Carmen,Díaz Lozano
2777,Daniela,Cortés Alonso
2778,Iván,Sanz Hernández
2779,Paula,Prieto Lozano
2780,Javier,Calvo Alonso
2781,Daniel,Ortega Cano
2782,Sara,Pérez Castillo
2783,Alba,Lozano Navarro
2784,Mario,Castro Guerrero
2785,Óscar,Gil Jiménez
2786,Sergio,Moreno Jiménez
2787,Elena,Lozano Santos
2788,Andrea,Calvo Jiménez
2789,Julia,Santos Domínguez
2790,María,Calvo Ramos
2791,Nuria,Medina Guerrero
2792,Mario,Muñoz Gómez
2793,Sergio,Torres Pérez
2794,Andrea,García Díaz
2795,Óscar,Serrano Cruz
2796,Alba,Ruiz Moreno
2797,Marta,Iglesias Molina
2798,Daniel,Muñoz Hernández
2799,Óscar,Ortiz Alonso
2800,Alejandro,Santos Domínguez
2801,Claudia,García Rubio
2802,Pablo,Díaz Marín
2803,Hugo,Morales Castillo
2804,Julia,Rubio García
2805,Álvaro,Gómez Rodríguez
2806,Nuria,Hernández Jiménez
2807,Rubén,Prieto Calvo
2808,Miguel,Molina Ortiz
2809,Alba,Torres González
2810,Lucía,Vázquez Fernández
2811,Rubén,Jiménez González
2812,Daniel,Sanz Domínguez
2813,Elena,Suárez Alonso
2814,Mario,Ortega Méndez
2815,Adriana,Molina Ortega
2816,Pablo,Cruz Serrano
2817,Andrea,Álvarez Méndez
2818,Sara,Calvo Blanco
2819,Lucía,Gómez Ortiz
2820,Jorge,Alonso Fernández
2821,Daniela,Castro Domínguez
2822,Claudia,Prieto Ruiz
2823,Raquel,Iglesias Álvarez
2824,Irene,González Medina
2825,Paula,Moreno Jiménez
2826,Álvaro,Romero Jiménez
2827,Alba,López Ortiz
2828,Andrea,Cortés Domínguez
2829,Rubén,Cortés Medina
2830,Sergio,Molina López
2831,Paula,Navarro Santos
2832,Eva,Ramos Vázquez
2833,Paula,Ortega Serrano
2834,Álvaro,Medina Cruz
2835,Marcos,Cortés Ortega
2836,Antonio,Martínez Vázquez
2837,Antonio,Álvarez Navarro
2838,Aitana,Cano Torres
2839,Iván,Domínguez Moreno
2840,Álvaro,Díaz Álvarez
2841,Sergio,Ortega Medina
2842,Daniela,Cortés García
2843,Adrián,Álvarez Martín
2844,Antonio,González Muñoz
2845,Carmen,Cruz Cortés
2846,Aitana,Rodríguez González
2847,Mario,Sánchez López
2848,Alejandro,Martín Gutiérrez
2849,Carmen,Gutiérrez Molina
2850,Manuel,Guerrero Rodríguez
2851,Andrea,Jiménez Vázquez
2852,Julia,Sánchez Castillo
2853,Alejandro,Ramos Méndez
2854,Julia,Rodríguez Méndez
2855,Mario,Alonso Navarro
2856,Adriana,Torres Marín
2857,Manuel,Santos Ramos
2858,Daniela,Serrano Navarro
2859,Pablo,Gómez Romero
2860,María,López Marín
2861,Alba,Lozano Díaz
2862,María,Ramos Pérez
2863,Adrián,Prieto Martín
2864,David,Martín Guerrero
2865,Alba,Martín Gutiérrez
2866,Hugo,Vázquez Jiménez
2867,Jorge,Blanco Cruz
2868,Jorge,Vázquez Cortés
2869,Daniel,Morales Castillo
2870,Claudia,Gómez López
2871,Álvaro,Díaz Vázquez
2872,Eva,Alonso Moreno
2873,Adriana,Álvarez Rodríguez
2874,Hugo,Torres Rodríguez
2875,Antonio,Morales Prieto
2876,Marta,Gil Serrano
2877,María,Jiménez Díaz
2878,Elena,Rubio Morales
2879,Sofía,Martínez Guerrero
2880,Adrián,Prieto Jiménez
2881,Antonio,Marín Gutiérrez
2882,Nuria,Marín Castillo
2883,Daniela,Domínguez Gómez
2884,Diego,Muñoz Domínguez
2885,Marta,García Ramos
2886,Alba,Jiménez Rubio
2887,Nicolás,Ramos Iglesias
2888,Mario,Morales Sanz
2889,Antonio,Gómez Prieto
2890,Alba,Serrano Ortiz
2891,Adrián,Sanz Sánchez
2892,Irene,Vázquez Iglesias
2893,Marcos,Vázquez Méndez
2894,Jorge,Castillo Fernández
2895,Sara,Blanco García
2896,Alejandro,Morales Ruiz
2897,Laura,Jiménez Hernández
2898,Antonio,Gómez García
2899,Diego,Sánchez Suárez
2900,Eva,Marín González
2901,María,Martín Méndez
2902,Jorge,Calvo Fernández
2903,Paula,Molina García
2904,Sofía,Gil Navarro
2905,Julia,Cruz Lozano
2906,Iván,Santos Méndez
2907,Sofía,Cano Muñoz
2908,Carmen,Serrano Gil
2909,Miguel,Alonso Castro
2910,Nuria,Cano Sánchez
2911,Daniela,Díaz Calvo
2912,Marta,Cano Sanz
2913,Aitana,Molina Delgado
2914,Daniel,García Suárez
2915,Alejandro,Ramos Sanz
2916,Andrea,Gómez Martín
2917,Pablo,Molina Castro
2918,Sofía,Pérez González
2919,Sergio,Ruiz García
2920,Antonio,Álvarez Medina
2921,Hugo,López Torres
2922,Pablo,Méndez Moreno
2923,Julia,Cortés Gil
2924,Sara,Alonso Rubio
2925,Antonio,Cano Alonso
2926,Paula,Torres Domínguez
2927,Raquel,Iglesias Cano
2928,Elena,Castillo Marín
2929,Daniel,Hernández Gil
2930,Alejandro,Calvo Suárez
2931,Sergio,Ruiz Iglesias
2932,Marta,Romero Calvo
2933,Sara,Molina Marín
2934,Hugo,Jiménez Álvarez
2935,Iván,Castro Ramos
2936,Mario,Serrano Cruz
2937,Andrea,Martínez Muñoz
2938,Aitana,Cano Prieto
2939,Óscar,Morales Santos
2940,Adriana,Molina Ortega
2941,Marta,Domínguez Blanco
2942,Antonio,Guerrero Molina
2943,Irene,Iglesias García
2944,Pablo,Guerrero Suárez
2945,Manuel,Ortiz Romero
2946,Carmen,Calvo Sánchez
2947,Miguel,Morales Sanz
2948,Laura,Jiménez Romero
2949,Marcos,Jiménez Guerrero
2950,Irene,Calvo Gómez
2951,Álvaro,Martín Suárez
2952,Manuel,Lozano Álvarez
2953,Nicolás,Romero Ortiz
2954,Sergio,Domínguez López
2955,Marcos,López Gómez
2956,Laura,Álvarez Cortés
2957,Javier,Muñoz González
2958,David,Castro Álvarez
2959,Andrea,Torres Méndez
2960,María,Muñoz Ortiz
2961,Daniela,Gutiérrez Ortiz
2962,Pablo,Iglesias Sanz
2963,Pablo,Alonso Domínguez
2964,Diego,Blanco Méndez
2965,Daniela,Guerrero García
2966,Julia,Medina Martín
2967,Marcos,Jiménez Navarro
2968,Diego,Ortega Torres
2969,Óscar,López Marín
2970,Aitana,Hernández Ortiz
2971,Eva,García Ruiz
2972,Aitana,Iglesias García
2973,Adriana,Castillo Pérez
2974,Nicolás,Sanz Calvo
2975,Irene,Guerrero Ramos
2976,Aitana,Blanco Marín
2977,María,Muñoz Hernández
2978,Alejandro,Sánchez Martín
2979,Claudia,Gil Molina
2980,David,Ortiz Guerrero
2981,Irene,Hernández Navarro
2982,Sergio,Martínez Medina
2983,Nuria,Morales Medina
2984,Alejandro,Serrano Marín
2985,Manuel,Calvo Blanco
2986,Carmen,Calvo Cortés
2987,Irene,Alonso Medina
2988,Irene,Jiménez Suárez
2989,Daniela,Marín Fernández
2990,Andrea,Moreno González
2991,Adriana,Ruiz Martín
2992,Elena,Gutiérrez López
2993,Diego,Prieto Díaz
2994,Laura,Sánchez Vázquez
2995,Aitana,Ramos Lozano
2996,Hugo,González Torres
2997,Hugo,Domínguez González
2998,María,Jiménez Cortés
2999,Andrea,Marín Suárez
3000,Miguel,Cruz Martín
3001,Javier,Lozano Ortiz
3002,David,Jiménez Torres
3003,Álvaro,Sanz Castillo
3004,Alejandro,Martín Castillo
3005,Sergio,Marín Ortiz
3006,Laura,Muñoz Rodríguez
3007,Iván,Fernández González
3008,Carmen,Álvarez García
3009,Daniel,Sánchez Lozano
3010,Andrea,Alonso Domínguez
3011,Óscar,Medina Martínez
3012,Alba,Molina Santos
3013,Óscar,Hernández Cruz
3014,Iván,Rodríguez Cruz
3015,Iván,Alonso Ortiz
3016,David,Fernández Torres
3017,Paula,Sanz Díaz
3018,David,Álvarez Cortés
3019,Alba,Pérez Lozano
3020,Elena,Ramos Sanz
3021,Andrea,Alonso Medina
3022,Diego,Blanco Prieto
3023,Hugo,Díaz Rodríguez
3024,Hugo,Álvarez Delgado
3025,Claudia,Pérez Rodríguez
3026,Marta,Castillo Díaz
3027,Elena,Alonso Guerrero
3028,Laura,Hernández Castillo
3029,Julia,Alonso Navarro
3030,Pablo,Blanco Ruiz
3031,María,Sanz Santos
3032,Mario,Ramos Domínguez
3033,Adrián,Romero Morales
3034,David,Castillo González
3035,Sara,Gutiérrez Martínez
3036,Paula,Díaz Prieto
3037,Adriana,Santos Hernández
3038,Alejandro,Lozano Ruiz
3039,Sara,Álvarez Romero
3040,Mario,López Lozano
3041,Julia,López Blanco
3042,Sergio,Martín Rodríguez
3043,Javier,Muñoz García
3044,Javier,Rodríguez Ruiz
3045,Adrián,Alonso Vázquez
3046,Adriana,Alonso Rodríguez
3047,Álvaro,Serrano García
3048,Mario,Gil Rubio
3049,Nuria,Hernández Sánchez
3050,Julia,Ortega Prieto
3051,Raquel,Fernández Molina
3052,Aitana,Díaz Ortiz
3053,Miguel,Ramos Serrano
3054,Álvaro,Rubio Prieto
3055,Rubén,Iglesias Gutiérrez
3056,Andrea,Morales Jiménez
3057,Daniela,Rodríguez López
3058,Irene,Lozano Molina
3059,Jorge,Rubio Guerrero
3060,Laura,Blanco Muñoz
3061,Daniela,Navarro Gutiérrez
3062,Diego,Rodríguez Martínez
3063,Sofía,Romero Ruiz
3064,Diego,Lozano Castro
3065,Paula,Gil Vázquez
3066,Pablo,Prieto Morales
3067,Manuel,Alonso Ortega
3068,Aitana,Lozano Alonso
3069,Pablo,Iglesias Gómez
3070,Iván,Alonso Domínguez
3071,Adrián,Blanco Prieto
3072,Sara,Delgado Castillo
3073,María,Hernández Torres
3074,Manuel,Cruz Alonso
3075,Álvaro,Calvo Medina
3076,Sofía,Santos González
3077,Adrián,Romero Cano
3078,Marcos,Gómez Muñoz
3079,Eva,Delgado López
3080,Carmen,Ramos López
3081,Claudia,Alonso Gutiérrez
3082,David,Prieto Pérez
3083,Sara,Marín Castro
3084,Daniela,Jiménez Castillo
3085,Sofía,Blanco Santos
3086,Javier,Méndez Serrano
3087,Sofía,Delgado Sánchez
3088,Rubén,Vázquez Gutiérrez
3089,Hugo,Ortiz González
3090,Diego,Sánchez Ramos
3091,Óscar,Sanz Gómez
3092,Iván,Domínguez Muñoz
3093,David,Muñoz Hernández
3094,Sergio,Castillo Serrano
3095,Manuel,Cruz Ortiz
3096,Miguel,Martínez Rodríguez
3097,Raquel,Romero Moreno
3098,Manuel,Serrano Santos
3099,Jorge,Suárez Ortiz
3100,Aitana,Muñoz Castro
3101,Adrián,Iglesias Iglesias
3102,Claudia,Serrano Suárez
3103,Hugo,Santos Lozano
3104,Claudia,Molina Lozano
3105,Sergio,Martínez Martín
3106,Rubén,Muñoz Romero
3107,Paula,Cano Medina
3108,Sara,Jiménez Domínguez
3109,Iván,Suárez Calvo
3110,Hugo,Rubio González
3111,Rubén,Santos Rubio
3112,Paula,López Guerrero
3113,Antonio,Ortega Castillo
3114,Laura,Hernández Delgado
3115,Adrián,Delgado Castro
3116,Rubén,Ruiz Martínez
3117,Eva,Méndez Sanz
3118,Manuel,González Alonso
3119,Rubén,Sánchez Rodríguez
3120,Marcos,Romero Cano
3121,Lucía,Marín Molina
3122,Marcos,Cano Rodríguez
3123,Nicolás,Méndez Gil
3124,Lucía,Vázquez Alonso
3125,Rubén,Prieto Gómez
3126,Laura,Lozano Pérez
3127,Rubén,Jiménez García
3128,Julia,González Jiménez
3129,Jorge,García Martínez
3130,Marcos,Ruiz Rodríguez
3131,Pablo,Ramos Ortega
3132,Manuel,Moreno Lozano
3133,Sofía,Álvarez García
3134,Pablo,Cortés Méndez
3135,Mario,Cruz Torres
3136,Julia,Cruz Blanco
3137,Mario,Molina González
3138,Alejandro,Ortega Ramos
3139,David,Sanz Álvarez
3140,Adrián,Santos Lozano
3141,Diego,Torres Moreno
3142,Adriana,Pérez Navarro
3143,Marcos,García Castillo
3144,Irene,Hernández Navarro
3145,Óscar,Lozano Ruiz
3146,Mario,Ortega González
3147,Sofía,Ortiz Guerrero
3148,Elena,Romero Rodríguez
3149,Nicolás,Ortiz Calvo
3150,Jorge,Ramos Delgado
3151,María,Lozano Hernández
3152,Óscar,Ortiz Suárez
3153,Daniela,Rodríguez Álvarez
3154,Sara,González Calvo
3155,Elena,Sanz Moreno
3156,Adriana,Gil Vázquez
3157,Pablo,Cruz Santos
3158,Irene,Pérez Rubio
3159,Pablo,Marín Iglesias
3160,Alba,Ramos Vázquez
3161,Miguel,Cano Serrano
3162,Elena,Sánchez Castro
3163,Alba,Vázquez Cano
3164,Sara,Ramos Marín
3165,María,Sanz Medina
3166,Andrea,Morales García
3167,Álvaro,Martín García
3168,Pablo,Ortega Medina
3169,Álvaro,Muñoz Moreno
3170,Alejandro,Sanz Prieto
3171,Elena,Calvo Vázquez
3172,Julia,Gil Medina
3173,Lucía,Cano Ramos
3174,Pablo,Molina Álvarez
3175,Irene,Ortega López
3176,Raquel,Moreno Ortega
3177,Jorge,Fernández Rodríguez
3178,Laura,Medina Vázquez
3179,Aitana,Sánchez Suárez
3180,Daniela,Blanco García
3181,Daniela,Guerrero Ortega
3182,Diego,Ramos Molina
3183,Irene,Sánchez Ramos
3184,Laura,Díaz Santos
3185,Rubén,Delgado Blanco
3186,Elena,Díaz Méndez
3187,Daniel,Ortega García
3188,Iván,Castro Iglesias
3189,Sara,Rubio Martínez
3190,Pablo,Santos Ortiz
3191,Óscar,López Delgado
3192,Sara,Morales Gil
3193,Claudia,Torres Torres
3194,Daniel,López Álvarez
3195,Sara,Sanz Gómez
3196,Andrea,Alonso Molina
3197,Aitana,Calvo Jiménez
3198,Álvaro,García González
3199,Andrea,Vázquez Delgado
3200,Irene,Blanco Vázquez
3201,Nuria,Cano Pérez
3202,Nuria,Castillo Muñoz
3203,Irene,Castro Prieto
3204,Raquel,Alonso López
3205,Iván,Alonso Ortiz
3206,Eva,Martínez Torres
3207,Nicolás,Castro Rubio
3208,Manuel,Martín Ramos
3209,Diego,Ramos Rubio
3210,Lucía,López Pérez
3211,Julia,Díaz Ruiz
3212,Diego,Cortés Marín
3213,Raquel,Domínguez Serrano
3214,Miguel,Serrano Torres
3215,Miguel,Moreno Santos
3216,Álvaro,Sánchez Jiménez
3217,Pablo,Morales Calvo
3218,Adriana,Castro Calvo
3219,Pablo,Díaz Lozano
3220,Adrián,Pérez Ramos
3221,Nicolás,Castro Lozano
3222,Raquel,Ortega Navarro
3223,Mario,Santos Sánchez
3224,Aitana,Suárez Santos
3225,Eva,Cortés Lozano
3226,Andrea,Calvo López
3227,Mario,Santos Martínez
3228,Marta,Cruz Suárez
3229,Alejandro,Guerrero Navarro
3230,Marcos,Medina Guerrero
3231,María,Domínguez Cano
3232,Iván,Castillo Cortés
3233,Sara,Morales Muñoz
3234,Sofía,Serrano Cruz
3235,María,Sánchez Sánchez
3236,Alba,Prieto Torres
3237,Sofía,Martínez Medina
3238,Claudia,Díaz Castro
3239,Nicolás,González Iglesias
3240,Daniel,Delgado Cortés
3241,Andrea,González González
3242,Adrián,Medina Castillo
3243,Iván,Gutiérrez Castillo
3244,Álvaro,Morales Álvarez
3245,Mario,Domínguez Guerrero
3246,Jorge,Alonso Méndez
3247,David,Gómez Blanco
3248,Irene,Castro Méndez
3249,Alejandro,Medina Gómez
3250,Sergio,Torres López
3251,Álvaro,Castillo Moreno
3252,Sergio,Romero Navarro
3253,Álvaro,Pérez Cruz
3254,Carmen,Pérez Fernández
3255,Óscar,Lozano Iglesias
3256,Marta,Gutiérrez Hernández
3257,Raquel,Cruz Martín
3258,Javier,Jiménez Romero
3259,Álvaro,Cano Molina
3260,Adriana,Sanz Díaz
3261,Julia,García Suárez
3262,Marcos,Díaz Vázquez
3263,Eva,Cruz Méndez
3264,Lucía,Torres Sánchez
3265,Miguel,Serrano Fernández
3266,Marta,Iglesias Delgado
3267,Elena,Vázquez Martínez
3268,Adrián,González Torres
3269,Laura,Navarro Martín
3270,Aitana,Díaz Gutiérrez
3271,Nuria,González Ruiz
3272,Rubén,Ramos Alonso
3273,Miguel,López Navarro
3274,Adrián,Sánchez Medina
3275,Adriana,Gómez Vázquez
3276,Alba,Iglesias Guerrero
3277,Iván,Sánchez Álvarez
3278,María,Romero Moreno
3279,Lucía,Sanz Molina
3280,Elena,Ortiz Guerrero
3281,Adriana,Calvo Lozano
3282,Óscar,Ortiz Ortega
3283,Nicolás,Iglesias Ortega
3284,Diego,Delgado Molina
3285,Javier,González Gómez
3286,Adrián,Guerrero Serrano
3287,Marta,Díaz Rubio
3288,Sergio,Prieto Navarro
3289,Carmen,Jiménez Méndez
3290,Irene,López Méndez
3291,Sara,Lozano Ortega
3292,Raquel,Ruiz Gil
3293,Paula,Romero González
3294,Marcos,Morales Domínguez
3295,Claudia,Díaz Blanco
3296,Marta,Fernández Suárez
3297,David,Álvarez García
3298,Julia,Calvo Domínguez
3299,Álvaro,Gutiérrez Pérez
3300,Andrea,Calvo Díaz
3301,Eva,Sanz Martín
3302,David,Sanz Blanco
3303,Aitana,Blanco Álvarez
3304,Claudia,Guerrero Castillo
3305,Óscar,Pérez Serrano
3306,Alejandro,Lozano Marín
3307,Rubén,Medina Ruiz
3308,Óscar,Fernández Sánchez
3309,Aitana,Cruz Molina
3310,Marta,Suárez Guerrero
3311,Sergio,Rubio Calvo
3312,Adrián,Medina Ramos
3313,Álvaro,Pérez Blanco
3314,Javier,Rubio Gil
3315,Eva,Romero Domínguez
3316,Adrián,Castillo Marín
3317,Sara,Jiménez Suárez
3318,Iván,Calvo Serrano
3319,Alba,Pérez Delgado
3320,Adriana,Ortiz Ruiz
3321,Diego,Suárez Ruiz
3322,Paula,Cortés Romero
3323,Óscar,Fernández Vázquez
3324,Mario,Sánchez Hernández
3325,Antonio,Ramos García
3326,Alejandro,Martínez Álvarez
3327,Sergio,Muñoz Prieto
3328,Sara,Rubio Hernández
3329,Álvaro,Gil Domínguez
3330,Manuel,Suárez Ortiz
3331,Julia,García Navarro
3332,María,Suárez Serrano
3333,María,Torres Iglesias
3334,Javier,Blanco Martín
3335,Sergio,Morales Martín
3336,Marcos,Ortega Ramos
3337,Alejandro,Lozano Blanco
3338,Marcos,González Serrano
3339,Aitana,Prieto Suárez
3340,Sergio,Ortega Iglesias
3341,Diego,Gutiérrez González
3342,Adriana,Martín Castro
3343,Marcos,Gil Prieto
3344,Diego,Ruiz García
3345,Daniela,Martínez Sanz
3346,Alejandro,Castro Marín
3347,Hugo,Cortés Serrano
3348,Alejandro,Iglesias Martín
3349,Marta,Álvarez Sanz
3350,Pablo,Blanco Calvo
3351,David,Blanco Iglesias
3352,Raquel,Moreno Calvo
3353,Miguel,Moreno Díaz
3354,Elena,Moreno Martínez
3355,Andrea,Alonso Navarro
3356,Paula,Ortiz Castillo
3357,Sofía,Molina Rodríguez
3358,Eva,Cruz Fernández
3359,Jorge,Castro Ruiz
3360,Elena,Sánchez Muñoz
3361,Nicolás,Martínez Castillo
3362,Sara,Ruiz Rubio
3363,Sergio,Molina Méndez
3364,Sergio,Moreno Vázquez
3365,Claudia,Ramos Gil
3366,Julia,Muñoz Santos
3367,Marta,Gómez Ortega
3368,Raquel,González Martín
3369,Paula,Méndez Suárez
3370,Adriana,Díaz Jiménez
3371,Rubén,Santos Medina
3372,Alejandro,Guerrero Gil
3373,Eva,Navarro Guerrero
3374,Sara,González Molina
3375,Andrea,Blanco Castillo
3376,Álvaro,González Martínez
3377,Daniela,Muñoz Hernández
3378,Sofía,Medina Moreno
3379,Elena,Prieto López
3380,Diego,Cano Cortés
3381,Irene,Cortés Lozano
3382,Jorge,Serrano Ortega
3383,Alba,Santos Hernández
3384,Iván,Vázquez Molina
3385,Miguel,Alonso Cano
3386,Antonio,Domínguez Díaz
3387,Claudia,Muñoz Álvarez
3388,Julia,Cortés Fernández
3389,Aitana,Ruiz Medina
3390,Carmen,Suárez Rodríguez
3391,Marta,Gil Alonso
3392,Daniel,Santos Ruiz
3393,Manuel,Cortés Hernández
3394,Javier,Muñoz Moreno
3395,Claudia,Blanco Lozano
3396,Laura,Molina Cortés
3397,Hugo,Ramos Martínez
3398,Manuel,Serrano Pérez
3399,Claudia,Sanz Ortiz
3400,Paula,Jiménez Molina
3401,David,Gil Romero
3402,Antonio,Álvarez Gil
3403,Adriana,Domínguez Romero
3404,Irene,Santos Martín
3405,Adriana,Sánchez Blanco
3406,Aitana,Romero Medina
3407,Nicolás,Pérez Martín
3408,Nicolás,Lozano Domínguez
3409,Alejandro,Gil López
3410,Adrián,Rubio González
3411,Adriana,Suárez Medina
3412,Aitana,Moreno Álvarez
3413,Alejandro,Rodríguez Sanz
3414,Alba,Medina Blanco
3415,Álvaro,Gutiérrez Gil
3416,Daniel,Álvarez Navarro
3417,Irene,Rubio Fernández
3418,Claudia,González Morales
3419,Raquel,Serrano Prieto
3420,Álvaro,Castro Fernández
3421,Raquel,Domínguez Cortés
3422,Adriana,Cruz Rubio
3423,Alejandro,Cruz Santos
3424,Claudia,Delgado Santos
3425,Mario,Morales Santos
3426,Irene,Ortiz Romero
3427,Hugo,Calvo Ortega
3428,Nuria,Gil Fernández
3429,Aitana,Romero Torres
3430,Adriana,Sanz Ruiz
3431,Eva,Lozano Ortega
3432,Hugo,Guerrero Blanco
3433,Adriana,Lozano Pérez
3434,Sergio,Lozano Sánchez
3435,David,Martín Martínez
3436,Antonio,Cortés Cano
3437,Manuel,Ortega Moreno
3438,Jorge,Martínez Medina
3439,Hugo,Castillo Castro
3440,Alejandro,Díaz Medina
3441,Rubén,Jiménez Pérez
3442,Marcos,Gutiérrez Muñoz
3443,Alejandro,Díaz Blanco
3444,Raquel,Vázquez Méndez
3445,Alba,Torres Torres
3446,Elena,Rodríguez Gómez
3447,Marta,Gil López
3448,Óscar,Torres Rodríguez
3449,Óscar,Medina Méndez
3450,Javier,Domínguez Navarro
3451,Lucía,Calvo Jiménez
3452,Elena,Iglesias Morales
3453,María,Ruiz Méndez
3454,Sara,Romero Romero
3455,Marta,Muñoz Domínguez
3456,Javier,Moreno Castillo
3457,Adriana,Fernández Ramos
3458,Mario,Rubio Prieto
3459,Miguel,Gutiérrez Molina
3460,Javier,Navarro Vázquez
3461,Aitana,Blanco Alonso
3462,Iván,Ruiz Álvarez
3463,Miguel,Vázquez Cortés
3464,Diego,Cruz Castro
3465,Pablo,Moreno Blanco
3466,Carmen,Cortés Ramos
3467,Andrea,González Romero
3468,Antonio,Martín Serrano
3469,María,Molina López
3470,Jorge,Rodríguez Ramos
3471,Sergio,Delgado García
3472,Jorge,Medina Medina
3473,Irene,Castillo Moreno
3474,Sofía,Lozano Álvarez
3475,Marcos,Lozano Morales
3476,Laura,Ortiz Lozano
3477,Álvaro,Molina Navarro
3478,Marta,Medina Serrano
3479,Paula,Martínez Méndez
3480,Sara,Lozano López
3481,Nicolás,Álvarez Pérez
3482,Iván,Moreno Fernández
3483,Aitana,Jiménez Castro
3484,Marcos,Fernández González
3485,Pablo,Muñoz Morales
3486,Hugo,Medina Méndez
3487,Carmen,Álvarez Calvo
3488,Sergio,Morales Prieto
3489,María,Fernández Pérez
3490,Alejandro,Prieto Calvo
3491,Daniela,Gómez Moreno
3492,Marcos,Fernández Ortega
3493,Adriana,Sánchez Serrano
3494,Álvaro,Martínez Gil
3495,Hugo,Cortés Rubio
3496,Álvaro,Ramos Romero
3497,Irene,Morales Sánchez
3498,Pablo,Castillo Vázquez
3499,Andrea,Morales Suárez
3500,Carmen,Ruiz Jiménez
3501,Mario,Fernández Serrano
3502,Sara,Jiménez Navarro
3503,David,Prieto Cano
3504,Alejandro,Lozano Calvo
3505,Irene,Sánchez Lozano
3506,Manuel,Domínguez Ruiz
3507,Pablo,Morales Muñoz
3508,David,Medina Sanz
3509,Mario,Delgado Sánchez
3510,Carmen,Prieto Alonso
3511,Paula,Cruz Marín
3512,Rubén,Gómez Morales
3513,Sara,Fernández Guerrero
3514,Iván,Rodríguez Hernández
3515,Andrea,Castro Pérez
3516,Antonio,Castro Rodríguez
3517,Alejandro,Cortés Iglesias
3518,Diego,Pérez Castro
3519,Daniel,Muñoz Cortés
3520,Daniel,Molina Ortega
3521,Mario,Álvarez Ruiz
3522,Mario,Jiménez Martín
3523,Daniela,Moreno Gutiérrez
3524,Andrea,Rodríguez Morales
3525,Jorge,Gil Castillo
3526,Rubén,Cortés Hernández
3527,Aitana,Pérez Santos
3528,Nuria,Romero Gómez
3529,Jorge,Blanco Blanco
3530,Jorge,Díaz López
3531,Lucía,Romero Ortega
3532,Daniela,Cortés Ortiz
3533,Eva,Martínez García
3534,Diego,Ortega Guerrero
3535,Jorge,Cortés Romero
3536,Aitana,Ortega Prieto
3537,Álvaro,Jiménez Jiménez
3538,David,Gil Santos
3539,Aitana,Jiménez López
3540,Marcos,Gil Ortiz
3541,María,Calvo Delgado
3542,Alejandro,Cortés Calvo
3543,Antonio,Torres Álvarez
3544,Iván,Lozano Alonso
3545,Carmen,Guerrero Prieto
3546,Javier,Iglesias Sánchez
3547,Marta,Ortiz Prieto
3548,Nuria,Blanco Jiménez
3549,Jorge,Fernández Alonso
3550,Adrián,Lozano Medina
3551,Miguel,Iglesias Castro
3552,Javier,Muñoz Serrano
3553,David,Medina Sanz
3554,Paula,Ruiz Alonso
3555,Jorge,Lozano Medina
3556,Aitana,Álvarez Santos
3557,Eva,Castillo Rodríguez
3558,Aitana,Medina Hernández
3559,Alba,Muñoz Torres
3560,Marta,Morales Gil
3561,Aitana,Navarro García
3562,Aitana,Díaz Jiménez
3563,Antonio,Cruz Calvo
3564,Álvaro,Gil López
3565,Manuel,Gutiérrez Ortiz
3566,Manuel,Ortiz Delgado
3567,Pablo,Pérez Muñoz
3568,Miguel,Sánchez López
3569,Laura,Ortiz Serrano
3570,Jorge,Guerrero Jiménez
3571,Irene,Domínguez Medina
3572,Iván,Castillo Martín
3573,Rubén,Sanz Jiménez
3574,Elena,Sánchez Ortiz
3575,Claudia,Blanco Morales
3576,Daniel,Vázquez Martín
3577,Manuel,Iglesias Martín
3578,Alejandro,Cortés López
3579,Andrea,Ortega Muñoz
3580,Sofía,Castillo Morales
3581,Nuria,Martín García
3582,Jorge,Molina Domínguez
3583,Hugo,Méndez González
3584,Adriana,Suárez Castro
3585,Elena,Vázquez Molina
3586,Daniela,Serrano Rubio
3587,Óscar,Calvo Iglesias
3588,Carmen,Santos Vázquez
3589,Diego,Lozano Blanco
3590,Nuria,Delgado Blanco
3591,Sofía,Fernández Santos
3592,Marcos,Molina Pérez
3593,Jorge,Medina Álvarez
3594,Álvaro,Blanco Alonso
3595,Nuria,Serrano Marín
3596,Adriana,González Álvarez
3597,Antonio,Gutiérrez Martín
3598,Sofía,Díaz Martín
3599,Paula,Domínguez Medina
3600,Sofía,Martínez Ortega
3601,Daniel,Ortiz Díaz
3602,Aitana,Muñoz González
3603,Elena,Díaz Álvarez
3604,Diego,Ortega Domínguez
3605,Claudia,Fernández González
3606,Marta,Medina Gutiérrez
3607,Álvaro,Delgado Ramos
3608,Daniel,González Cano
3609,Sergio,Guerrero Cano
3610,Paula,Ruiz Suárez
3611,Paula,Martínez Marín
3612,Mario,Díaz Hernández
3613,Mario,Calvo Molina
3614,Nicolás,Martín Santos
3615,Jorge,Torres Romero
3616,Paula,Rodríguez Suárez
3617,Diego,Ruiz López
3618,Sara,Marín Martínez
3619,Miguel,Sanz Marín
3620,Alejandro,Cortés Díaz
3621,Nuria,Navarro Alonso
3622,Daniela,Prieto Pérez
3623,Adriana,Iglesias Guerrero
3624,Diego,Cruz Castro
3625,Raquel,Hernández Torres
3626,Nicolás,Romero Romero
3627,Aitana,Navarro Jiménez
3628,Sergio,Morales Iglesias
3629,Lucía,Morales Fernández
3630,Nicolás,Álvarez González
3631,Manuel,Lozano Lozano
3632,Irene,Iglesias Hernández
3633,Carmen,Cano Ortiz
3634,Diego,Ortiz Moreno
3635,Daniel,Moreno Calvo
3636,Jorge,Álvarez García
3637,Daniel,Vázquez Pérez
3638,Sofía,Cortés Jiménez
3639,Eva,Moreno Delgado
3640,Jorge,Romero Méndez
3641,Hugo,Ortega Medina
3642,Elena,Torres Rubio
3643,Sergio,Gómez Rubio
3644,David,Guerrero Gutiérrez
3645,Lucía,Gutiérrez Cortés
3646,Miguel,Ramos Cano
3647,Daniel,Gutiérrez Lozano
3648,Sergio,Gómez García
3649,Antonio,Méndez Suárez
3650,Javier,Serrano Rubio
3651,Adrián,Navarro González
3652,Javier,Ortiz Gómez
3653,Javier,Santos González
3654,María,Molina Rubio
3655,Adrián,Díaz González
3656,Elena,Hernández Alonso
3657,Irene,Calvo Domínguez
3658,Andrea,Cruz Alonso
3659,Daniel,Molina Castillo
3660,Mario,Jiménez Cruz
3661,David,Cano Calvo
3662,Rubén,Cortés Rubio
3663,Alba,Ortega Fernández
3664,Adriana,Molina Molina
3665,Alba,Ruiz Calvo
3666,Nuria,Rubio Lozano
3667,Claudia,Sanz Santos
3668,Elena,García Ramos
3669,Eva,Moreno Martínez
3670,Nuria,Calvo Ruiz
3671,Jorge,Hernández Ortiz
3672,Mario,Rodríguez Álvarez
3673,Rubén,Hernández Medina
3674,Nicolás,Ortega Rodríguez
3675,Óscar,Díaz Suárez
3676,Eva,Iglesias Molina
3677,Eva,Pérez Sanz
3678,Iván,Domínguez Medina
3679,Nuria,Martínez Cano
3680,Lucía,Molina Alonso
3681,Andrea,Ruiz Vázquez
3682,Paula,Molina Gómez
3683,Sergio,Domínguez Ortiz
3684,Sofía,Martínez Iglesias
3685,Nuria,Martínez Rodríguez
3686,Paula,Álvarez Calvo
3687,Adrián,Blanco Ortiz
3688,Diego,Martínez González
3689,Iván,Moreno Alonso
3690,Sergio,Ramos Ortiz
3691,Sara,Rodríguez Pérez
3692,Marcos,Lozano Rodríguez
3693,Laura,López Calvo
3694,Adriana,Moreno Hernández
3695,Sara,Navarro Molina
3696,Irene,Hernández Castro
3697,Julia,Vázquez García
3698,María,López García
3699,Laura,Delgado Martín
3700,Alba,Rubio Muñoz
3701,Aitana,Ortiz Calvo
3702,Lucía,Romero Torres
3703,Adriana,Romero Cortés
3704,Carmen,Guerrero Rubio
3705,Adriana,González Álvarez
3706,Paula,Sánchez Molina
3707,Raquel,Ruiz Marín
3708,Jorge,Díaz Guerrero
3709,Antonio,Gil Romero
3710,Sara,Muñoz Blanco
3711,Mario,Gil Calvo
3712,Marcos,Delgado Ramos
3713,Andrea,Martínez Jiménez
3714,Mario,Cano Marín
3715,Jorge,Prieto Lozano
3716,Rubén,Rodríguez Gómez
3717,Iván,Molina Martín
3718,Marcos,Gil López
3719,Alba,Castillo Rodríguez
3720,Andrea,Díaz Domínguez
3721,Rubén,Medina García
3722,Marcos,García Guerrero
3723,Andrea,Gil Hernández
3724,Daniela,Sánchez Sanz
3725,Paula,Álvarez Vázquez
3726,Eva,Gómez Romero
3727,Sara,Castro Moreno
3728,Carmen,Molina Gutiérrez
3729,Elena,Álvarez García
3730,Elena,Pérez Torres
3731,Diego,Gutiérrez Rubio
3732,Raquel,Calvo Medina
3733,Antonio,Cano García
3734,Diego,Serrano Lozano
3735,Eva,Serrano Delgado
3736,Adrián,Guerrero Pérez
3737,Daniel,Santos Jiménez
3738,Aitana,Martínez Rubio
3739,Mario,Gutiérrez Serrano
3740,Andrea,Medina Hernández
3741,Jorge,Martínez Castillo
3742,Pablo,Medina Rodríguez
3743,Nicolás,Cruz Cruz
3744,Óscar,Torres Cano
3745,Marcos,Marín Álvarez
3746,Adrián,Cano Ortega
3747,Nuria,Romero Prieto
3748,Julia,Méndez Calvo
3749,Irene,Marín Ortega
3750,Manuel,Ruiz Torres
3751,Alba,Guerrero Suárez
3752,Elena,Martín Morales
3753,Adriana,Fernández Rubio
3754,Paula,Gil Serrano
3755,Jorge,Martín Suárez
3756,Manuel,Medina Fernández
3757,María,Pérez Santos
3758,Eva,Cortés Alonso
3759,Aitana,Rubio Delgado
3760,Carmen,Ruiz Rubio
3761,Alba,Moreno Ramos
3762,María,Suárez Guerrero
3763,Eva,Suárez González
3764,Daniel,Suárez Martín
3765,Miguel,Gómez Fernández
3766,Mario,Gutiérrez Castillo
3767,Raquel,Martín Martín
3768,Marta,Álvarez Iglesias
3769,María,Ruiz López
3770,Antonio,Castillo Castillo
3771,Daniela,Iglesias Castro
3772,Aitana,Serrano Sánchez
3773,Diego,Sanz Cortés
3774,Eva,Domínguez Sánchez
3775,Adrián,Iglesias Ortega
3776,Daniel,Castro Calvo
3777,Iván,Prieto Muñoz
3778,Mario,Castillo López
3779,Irene,Gil López
3780,Rubén,Alonso Gómez
3781,Daniela,Muñoz Martín
3782,Irene,Cortés Cruz
3783,Jorge,Torres Navarro
3784,Sara,López Gil
3785,Adriana,Delgado Sanz
3786,Claudia,Blanco Díaz
3787,Alba,Serrano Delgado
3788,Irene,Gómez Serrano
3789,Jorge,Fernández Cano
3790,Elena,Ortega Martín
3791,Claudia,Navarro Domínguez
3792,Elena,Álvarez Muñoz
3793,Manuel,Gil Ramos
3794,Manuel,Moreno Prieto
3795,Daniela,Ramos Muñoz
3796,Nuria,Lozano Blanco
3797,Eva,Morales Sánchez
3798,Rubén,Méndez Ruiz
3799,Andrea,Domínguez Jiménez
3800,María,Ortega Morales
3801,Sergio,Gil Hernández
3802,Manuel,Marín Díaz
3803,Adrián,Hernández Domínguez
3804,Diego,Guerrero Rodríguez
3805,Hugo,Iglesias Ortega
3806,Claudia,Rubio Romero
3807,Elena,Cortés Moreno
3808,Nuria,Castro Torres
3809,Aitana,González Gómez
3810,Álvaro,Rubio Torres
3811,Iván,Rodríguez Prieto
3812,Pablo,Ruiz Cano
3813,Marcos,Ramos Ruiz
3814,Pablo,Serrano López
3815,Diego,Muñoz Gutiérrez
3816,Hugo,Ortiz Rubio
3817,María,Prieto Torres
3818,Sara,Vázquez Gutiérrez
3819,Aitana,Lozano Marín
3820,Andrea,García Ruiz
3821,Lucía,Martínez Martín
3822,Adrián,Calvo Castro
3823,Alba,López Delgado
3824,Daniel,Díaz Torres
3825,Antonio,Jiménez Domínguez
3826,Nicolás,Cano Prieto
3827,Julia,Jiménez Sanz
3828,Marcos,Torres González
3829,Rubén,González Ruiz
3830,Claudia,Serrano López
3831,Alba,Muñoz Vázquez
3832,Julia,Muñoz López
3833,Rubén,Morales González
3834,Daniel,Cano Hernández
3835,Javier,Martín Hernández
3836,Adriana,Cortés Cruz
3837,Marcos,Romero Martín
3838,Hugo,Ruiz Calvo
3839,Manuel,Cruz González
3840,Sofía,Medina Sánchez
3841,Adriana,Ramos Ortiz
3842,Paula,Méndez Morales
3843,Andrea,González Jiménez
3844,Adriana,Marín Santos
3845,Eva,Rodríguez López
3846,Diego,Suárez Fernández
3847,Adrián,Gil Calvo
3848,María,Méndez Marín
3849,Daniel,Pérez Martín
3850,Daniel,Ruiz Méndez
3851,Alejandro,Gil Ruiz
3852,Javier,Jiménez Lozano
3853,Antonio,Díaz Santos
3854,Eva,Moreno Hernández
3855,Paula,Guerrero Guerrero
3856,Mario,Cortés Sanz
3857,Mario,Muñoz Molina
3858,Julia,Domínguez García
3859,Óscar,Sánchez Álvarez
3860,Sofía,Serrano Méndez
3861,Pablo,Morales Serrano
3862,Irene,Delgado Ramos
3863,Óscar,Blanco Díaz
3864,Antonio,Rubio Cruz
3865,Adriana,López Romero
3866,Irene,Ortiz Martín
3867,Claudia,Cruz García
3868,Nuria,Ortega Lozano
3869,David,Torres Jiménez
3870,Andrea,Molina Ruiz
3871,Julia,Cruz Sánchez
3872,Aitana,Vázquez García
3873,Alba,Méndez Vázquez
3874,Claudia,García Ruiz
3875,Álvaro,Rodríguez Molina
3876,David,Martínez Jiménez
3877,Paula,Prieto Ramos
3878,Rubén,Cano Díaz
3879,Adrián,Guerrero Ramos
3880,Rubén,Cortés Rodríguez
3881,Paula,Domínguez Domínguez
3882,Daniel,Fernández Díaz
3883,Julia,García Santos
3884,Claudia,Guerrero Navarro
3885,Sara,Prieto Calvo
3886,Andrea,Jiménez Sánchez
3887,Óscar,Serrano Vázquez
3888,Mario,Rodríguez Alonso
3889,Alejandro,Suárez Cano
3890,Adriana,Guerrero Lozano
3891,Jorge,Cruz Ramos
3892,Alba,Romero Muñoz
3893,Miguel,Ortega Iglesias
3894,Antonio,Serrano Vázquez
3895,Carmen,Vázquez Torres
3896,Carmen,Pérez García
3897,Carmen,Domínguez Gutiérrez
3898,Julia,Iglesias López
3899,Diego,Alonso Castillo
3900,Nuria,Torres López
3901,Eva,González Prieto
3902,Adrián,Marín Cruz
3903,Daniel,Vázquez Moreno
3904,Sergio,Fernández Blanco
3905,Andrea,Moreno Pérez
3906,Diego,Santos Rodríguez
3907,Daniela,Romero Serrano
3908,Laura,Lozano Guerrero
3909,Paula,Ruiz Sanz
3910,Adrián,González López
3911,Andrea,Rodríguez Sánchez
3912,Óscar,Guerrero Fernández
3913,Claudia,González Jiménez
3914,Lucía,Domínguez López
3915,Hugo,Medina Santos
3916,Miguel,Vázquez Méndez
3917,Claudia,Alonso Moreno
3918,Irene,Cano Martínez
3919,Javier,Sánchez Medina
3920,Javier,Medina Muñoz
3921,Eva,López Romero
3922,Óscar,Cruz Ramos
3923,Sara,Pérez Muñoz
3924,Laura,Castro Gutiérrez
3925,Rubén,Castillo Cano
3926,Marta,Marín Martínez
3927,Raquel,Álvarez Jiménez
3928,Irene,Molina Rodríguez
3929,Lucía,Díaz Sánchez
3930,Sofía,Sánchez Pérez
3931,Nicolás,Vázquez Calvo
3932,Javier,Prieto Álvarez
3933,Claudia,Martín Sanz
3934,Sofía,Rodríguez Moreno
3935,Eva,Martín Moreno
3936,Rubén,Torres Ortiz
3937,Jorge,Calvo Morales
3938,Marcos,Navarro Molina
3939,Iván,Morales Rodríguez
3940,Eva,Suárez Prieto
3941,María,Pérez Gil
3942,Álvaro,Gutiérrez Ortiz
3943,Manuel,Martínez Marín
3944,Adriana,Castillo Medina
3945,Marcos,Vázquez Serrano
3946,Sergio,Torres Blanco
3947,Alba,Gil Martínez
3948,Sofía,González Hernández
3949,Nicolás,Blanco González
3950,Diego,Molina Medina
3951,Raquel,Hernández García
3952,Pablo,Sánchez Cruz
3953,Pablo,Romero Jiménez
3954,Sara,Hernández Martín
3955,Javier,Medina Santos
3956,Elena,Pérez Suárez
3957,Pablo,Romero Rubio
3958,Alba,Martín Martínez
3959,Adriana,Cortés Blanco
3960,Alejandro,Ortiz Santos
3961,Irene,Martín Cano
3962,Raquel,Gutiérrez Guerrero
3963,Diego,Santos Alonso
3964,Manuel,Navarro Torres
3965,Raquel,Jiménez Gil
3966,María,Castro Santos
3967,Diego,Sánchez Marín
3968,Daniel,Martínez Navarro
3969,Nuria,Rubio Guerrero
3970,Daniela,Morales Molina
3971,Marta,González Gutiérrez
3972,Diego,Vázquez Moreno
3973,Daniela,Fernández Torres
3974,Marta,Moreno Ortiz
3975,Diego,Sánchez Gil
3976,Laura,González Álvarez
3977,Javier,Calvo Jiménez
3978,Antonio,Lozano García
3979,Iván,Delgado García
3980,Lucía,Guerrero Cruz
3981,Irene,Martínez Blanco
3982,Mario,Medina Castro
3983,Adrián,Méndez Gómez
3984,Adriana,Pérez Martínez
3985,Daniel,Sánchez Ruiz
3986,Lucía,Suárez Suárez
3987,Paula,Álvarez Castillo
3988,Raquel,Gil Castro
3989,Javier,Romero Cruz
3990,Manuel,Morales Méndez
3991,Laura,González Cruz
3992,Andrea,Delgado Ramos
3993,Sofía,Romero Calvo
3994,Laura,Gómez Fernández
3995,Diego,Cruz Torres
3996,Elena,Torres Gutiérrez
3997,Nicolás,Rodríguez Muñoz
3998,Adriana,Díaz Vázquez
3999,Alejandro,Blanco Moreno
4000,Antonio,Guerrero Cruz
4001,Adrián,Suárez Castillo
4002,Antonio,Delgado Santos
4003,Iván,Santos Guerrero
4004,Manuel,Santos Pérez
4005,Pablo,Díaz Martínez
4006,Irene,Torres Iglesias
4007,Aitana,Castro Suárez
4008,Nuria,Castro Delgado
4009,Sergio,Blanco Vázquez
4010,Julia,Ramos Cano
4011,David,Navarro Jiménez
4012,Álvaro,Molina Castillo
4013,David,Muñoz Cruz
4014,Alba,Gómez Castro
4015,María,Ruiz Gómez
4016,Paula,Castro Ortiz
4017,Nicolás,González Medina
4018,Marta,Cano Gil
4019,Pablo,Guerrero Romero
4020,Miguel,Blanco Sanz
4021,Alba,Morales Vázquez
4022,Elena,Ortiz Domínguez
4023,Adrián,Marín Guerrero
4024,Raquel,Delgado Suárez
4025,Jorge,Gómez Delgado
4026,Laura,Ruiz Ruiz
4027,Rubén,Romero Domínguez
4028,Irene,Iglesias Martín
4029,Eva,Santos Castro
4030,Andrea,Marín Fernández
4031,Iván,García Rubio
4032,Daniela,García Delgado
4033,Álvaro,Gómez Vázquez
4034,Alba,Martín Cruz
4035,Pablo,Serrano Ortega
4036,Hugo,Castro Cortés
4037,Daniel,López Álvarez
4038,Pablo,Pérez Navarro
4039,Carmen,Castillo Gómez
4040,Alejandro,Castro Rubio
4041,Nuria,Moreno Fernández
4042,Rubén,Calvo Álvarez
4043,Rubén,Navarro Guerrero
4044,Sara,Domínguez Rodríguez
4045,Diego,Rodríguez Ortega
4046,Sergio,Rubio Martínez
4047,Raquel,García Jiménez
4048,Laura,Hernández Pérez
4049,Carmen,Torres Díaz
4050,Alejandro,Sanz González
4051,Nicolás,Pérez Serrano
4052,Irene,Alonso Moreno
4053,Julia,Fernández Serrano
4054,Adriana,Gil Díaz
4055,Óscar,Delgado Medina
4056,Daniel,Suárez Santos
4057,Jorge,García Morales
4058,Miguel,Prieto Serrano
4059,Diego,Guerrero Guerrero
4060,Jorge,Iglesias Rubio
4061,Manuel,Hernández Molina
4062,Diego,Ramos Gil
4063,Irene,Ortiz Díaz
4064,Eva,Delgado Martínez
4065,Manuel,Medina Álvarez
4066,Irene,Gómez Ortiz
4067,Eva,Martín Fernández
4068,Sofía,Blanco Álvarez
4069,Javier,Torres Rubio
4070,Julia,Navarro Calvo
4071,Iván,Ruiz Fernández
4072,Iván,Romero Prieto
4073,Aitana,Delgado Martínez
4074,Lucía,Rodríguez Hernández
4075,Manuel,Álvarez García
4076,Manuel,Navarro Rubio
4077,Eva,Álvarez Delgado
4078,Paula,Cruz Moreno
4079,Jorge,Blanco Pérez
4080,Adrián,Hernández Gutiérrez
4081,Manuel,Calvo Fernández
4082,Daniel,Marín Fernández
4083,Iván,Morales García
4084,Daniela,Iglesias Gómez
4085,Alba,Vázquez Marín
4086,David,Delgado Rubio
4087,Adriana,Sánchez Gil
4088,Nicolás,Santos Méndez
4089,Elena,Delgado Ortega
4090,Rubén,Alonso Ramos
4091,Daniela,Romero Ramos
4092,Raquel,Gutiérrez Sanz
4093,Adriana,Calvo Blanco
4094,Claudia,Alonso Ruiz
4095,Daniel,Rubio Serrano
4096,Lucía,Guerrero Sánchez
4097,Julia,Delgado Muñoz
4098,Diego,Pérez Delgado
4099,Mario,Pérez Medina
4100,Eva,Rodríguez Sánchez
4101,David,Ortiz Santos
4102,Antonio,Méndez Molina
4103,Javier,Martínez Serrano
4104,Sergio,Gutiérrez Ruiz
4105,Eva,Medina Sánchez
4106,Daniela,Díaz Ortiz
4107,María,Castillo Sanz
4108,Elena,Sánchez Lozano
4109,Iván,Rubio Guerrero
4110,Jorge,García Prieto
4111,Irene,Méndez Álvarez
4112,Alejandro,Guerrero Moreno
4113,Lucía,Cruz Suárez
4114,Eva,Serrano Romero
4115,Nicolás,Martínez Sánchez
4116,Raquel,Moreno Martín
4117,Eva,Díaz González
4118,Daniela,Díaz Fernández
4119,Elena,Rubio Ortega
4120,Daniela,Rodríguez Ortega
4121,Nicolás,Ruiz Díaz
4122,Miguel,Pérez Serrano
4123,Daniela,Suárez Marín
4124,Miguel,Gómez Alonso
4125,Sergio,Domínguez Sánchez
4126,Rubén,Hernández Medina
4127,María,Lozano Prieto
4128,Rubén,Castillo Torres
4129,Iván,Moreno Alonso
4130,Javier,Delgado Hernández
4131,Claudia,Rodríguez Romero
4132,Julia,Ortiz Rubio
4133,Álvaro,Molina Cortés
4134,Álvaro,Delgado Muñoz
4135,Daniel,Martínez Cruz
4136,Nuria,Moreno Ramos
4137,Sofía,Pérez Serrano
4138,Marta,Delgado Suárez
4139,David,Cruz Moreno
4140,Mario,Suárez Domínguez
4141,Óscar,Ortega Ortiz
4142,Pablo,Gutiérrez Navarro
4143,Manuel,Fernández Méndez
4144,Antonio,Cruz Navarro
4145,Alejandro,Molina Cruz
4146,Paula,Ortiz Romero
4147,Irene,Gómez Prieto
4148,Manuel,Torres Martínez
4149,David,Díaz Castro
4150,Elena,Ramos Álvarez
4151,Carmen,Cortés Álvarez
4152,Daniel,Domínguez Domínguez
4153,Sergio,Marín Fernández
4154,Claudia,Vázquez Gil
4155,Raquel,Méndez Suárez
4156,Mario,Castillo Morales
4157,Andrea,Cortés Ortiz
4158,Sara,Fernández Hernández
4159,Nicolás,Blanco Martín
4160,Marta,Gómez López
4161,Óscar,Muñoz Álvarez
4162,Adrián,Sánchez Vázquez
4163,Sofía,Cruz Romero
4164,Julia,Castillo Ortiz
4165,Nuria,Díaz Romero
4166,Sara,González Sanz
4167,Julia,Fernández Gutiérrez
4168,Daniela,Rodríguez Martínez
4169,Nuria,Morales Muñoz
4170,María,Gutiérrez Cano
4171,Álvaro,Blanco Jiménez
4172,María,Vázquez Calvo
4173,Miguel,Serrano García
4174,Lucía,Serrano Ruiz
4175,Sara,Cano Gómez
4176,Mario,Marín Castro
4177,Nicolás,Cruz Rubio
4178,Daniela,Domínguez Ramos
4179,Andrea,Vázquez Marín
4180,Miguel,Álvarez Díaz
4181,Lucía,Jiménez Sanz
4182,Carmen,Martín Cruz
4183,Rubén,Blanco González
4184,Daniel,Rodríguez Cortés
4185,Marcos,Navarro Molina
4186,Irene,Díaz Medina
4187,Claudia,Hernández Méndez
4188,Andrea,Medina Rubio
4189,Óscar,López Rubio
4190,Claudia,Rodríguez García
4191,Adrián,Calvo Ortiz
4192,Daniel,Morales Navarro
4193,Nicolás,Calvo López
4194,Alejandro,Cano Ortiz
4195,Hugo,Molina Cruz
4196,Marcos,Delgado Moreno
4197,Sara,Vázquez Pérez
4198,Adrián,Méndez Calvo
4199,Paula,Calvo Sanz
4200,Aitana,Martínez Cano
4201,Marcos,Ramos Torres
4202,Irene,Fernández Gil
4203,Raquel,Díaz Lozano
4204,Hugo,Molina Delgado
4205,Irene,Prieto Romero
4206,Eva,Calvo Ortiz
4207,Adrián,Iglesias Santos
4208,Irene,García Fernández
4209,Pablo,Jiménez Serrano
4210,Claudia,Prieto Pérez
4211,Diego,Ruiz Ortiz
4212,Mario,Díaz Iglesias
4213,Sofía,López Marín
4214,Marcos,Méndez Méndez
4215,Jorge,Gil Cruz
4216,Alejandro,Blanco Ortiz
4217,Javier,Serrano Molina
4218,Óscar,Pérez Ruiz
4219,Aitana,Martínez Gutiérrez
4220,Nuria,Navarro Romero
4221,Sofía,Ruiz López
4222,Adrián,Ruiz López
4223,Sergio,Fernández Fernández
4224,Diego,González Serrano
4225,Daniela,Marín Calvo
4226,Antonio,Cano Serrano
4227,Álvaro,Cano Suárez
4228,Nicolás,Domínguez Rodríguez
4229,Nuria,Castro Morales
4230,David,Díaz Lozano
4231,Laura,Méndez Gutiérrez
4232,María,Cano López
4233,Mario,Fernández Cano
4234,Antonio,Ruiz Prieto
4235,Sara,Iglesias Hernández
4236,Raquel,Castillo Díaz
4237,Claudia,Iglesias Navarro
4238,Lucía,Alonso Díaz
4239,Aitana,Muñoz Guerrero
4240,Marcos,Iglesias Cortés
4241,Mario,Sanz Cano
4242,Antonio,Santos Pérez
4243,Rubén,Méndez Hernández
4244,Lucía,Delgado Morales
4245,María,Muñoz Torres
4246,Andrea,Ramos Moreno
4247,Aitana,Marín Torres
4248,Eva,Rodríguez Fernández
4249,Manuel,Iglesias Rodríguez
4250,Mario,Martín Prieto
4251,Sofía,Sánchez Sanz
4252,Marcos,Moreno Torres
4253,Adriana,Rubio Guerrero
4254,Laura,González Díaz
4255,Claudia,Cruz Calvo
4256,Julia,Jiménez Suárez
4257,Raquel,Martín Iglesias
4258,Rubén,Muñoz Torres
4259,Álvaro,Navarro Hernández
4260,Laura,Blanco López
4261,Miguel,Lozano Lozano
4262,Claudia,García Pérez
4263,Álvaro,González Sanz
4264,Jorge,Castillo Serrano
4265,Lucía,Ruiz Martín
4266,Laura,Morales Prieto
4267,David,Díaz Medina
4268,Daniela,Martínez Santos
4269,Julia,Lozano Blanco
4270,Lucía,Cortés Gómez
4271,Lucía,Rodríguez Rodríguez
4272,Irene,Méndez Suárez
4273,Pablo,Pérez Serrano
4274,Nicolás,Ortega Santos
4275,Elena,Cruz Calvo
4276,Álvaro,Martín Alonso
4277,Daniela,Suárez Navarro
4278,Marcos,García Morales
4279,Daniela,Pérez Martínez
4280,Daniel,Ortega Guerrero
4281,Elena,Molina Sanz
4282,Sofía,Ortiz Ramos
4283,Javier,Rubio Cano
4284,Andrea,Sánchez Martín
4285,Alejandro,Martín Moreno
4286,Adriana,Fernández Martínez
4287,María,Cano Muñoz
4288,Álvaro,Sánchez Ortega
4289,Irene,Díaz Vázquez
4290,Julia,Suárez González
4291,Lucía,Martín Domínguez
4292,Sergio,Castro Vázquez
4293,Carmen,Martínez Guerrero
4294,Pablo,Gil Pérez
4295,Eva,Rodríguez Fernández
4296,Carmen,Iglesias Muñoz
4297,Diego,Ruiz Muñoz
4298,Aitana,Muñoz Torres
4299,Paula,Martín Díaz
4300,Julia,Rubio Jiménez
4301,Carmen,Castillo Morales
4302,Mario,Moreno Martín
4303,Irene,Méndez Cortés
4304,Paula,Molina Santos
4305,Mario,Ortiz Navarro
4306,Hugo,Torres Jiménez
4307,Irene,Castillo Ortega
4308,Irene,Vázquez Marín
4309,Andrea,Delgado Ortega
4310,Daniel,Gutiérrez Molina
4311,Miguel,Méndez Rubio
4312,Adrián,Muñoz Marín
4313,Álvaro,Blanco Domínguez
4314,Eva,Blanco Gómez
4315,Alba,Rubio Rodríguez
4316,Marta,Méndez Jiménez
4317,Laura,Sanz García
4318,Eva,Ortega Medina
4319,Adriana,Marín Hernández
4320,Sergio,Hernández Castillo
4321,Álvaro,Sanz Blanco
4322,Nicolás,Delgado Domínguez
4323,Adrián,González Ortiz
4324,Álvaro,Ortiz Medina
4325,Elena,Medina Guerrero
4326,Paula,Sanz Gil
4327,Manuel,Delgado Lozano
4328,Hugo,Hernández Pérez
4329,Paula,Gil Iglesias
4330,Hugo,Martínez Calvo
4331,Alba,Martínez Díaz
4332,Paula,Morales Santos
4333,Elena,Cano Navarro
4334,Antonio,Fernández Navarro
4335,Aitana,Suárez Calvo
4336,Jorge,Morales Castro
4337,David,Méndez Castro
4338,Adriana,Muñoz Rubio
4339,Miguel,Sánchez Cortés
4340,David,Sánchez Castro
4341,Claudia,Iglesias Ortiz
4342,Pablo,Martín Iglesias
4343,Adrián,Díaz Castillo
4344,Adriana,Cortés Santos
4345,Raquel,Torres Hernández
4346,Sofía,Jiménez Ortega
4347,Manuel,Hernández Lozano
4348,Aitana,Muñoz Cano
4349,Marcos,Domínguez Méndez
4350,Antonio,Cano Muñoz
4351,Pablo,Medina Romero
4352,Andrea,Iglesias Cortés
4353,Hugo,Gómez Molina
4354,Marcos,Prieto Gutiérrez
4355,Pablo,Ortiz Pérez
4356,Marcos,Blanco Torres
4357,Miguel,Calvo Ortiz
4358,Julia,Ruiz Vázquez
4359,Andrea,Rubio Medina
4360,Manuel,Gutiérrez Pérez
4361,Elena,López Gutiérrez
4362,Julia,Gutiérrez Gil
4363,Antonio,Ortega Moreno
4364,Álvaro,Navarro García
4365,Nuria,Muñoz Delgado
4366,Óscar,Gómez Molina
4367,Julia,Castillo Gil
4368,Javier,García Fernández
4369,Nuria,Cano Serrano
4370,Claudia,Martínez Castillo
4371,Sara,Cortés Gómez
4372,Alejandro,Cano Suárez
4373,Julia,Muñoz Hernández
4374,Iván,Ortiz Gil
4375,Raquel,Sánchez Moreno
4376,Nicolás,González Díaz
4377,Sara,Fernández Prieto
4378,Paula,Gutiérrez Serrano
4379,Jorge,Marín Lozano
4380,Claudia,Martínez López
4381,Jorge,Calvo Cruz
4382,Nicolás,Lozano Ruiz
4383,Julia,Martín Méndez
4384,Adrián,Calvo Iglesias
4385,Álvaro,Sánchez Blanco
4386,Adriana,Romero Cruz
4387,Hugo,Blanco García
4388,Nicolás,Díaz Vázquez
4389,Irene,Lozano Medina
4390,Álvaro,Morales Castillo
4391,Eva,Méndez Calvo
4392,Adriana,García Hernández
4393,Eva,Martín Torres
4394,Marta,Castillo Martín
4395,Jorge,Prieto Guerrero
4396,Daniela,Hernández Rubio
4397,Rubén,Pérez Medina
4398,Irene,Cortés Ortega
4399,Miguel,Sánchez López
4400,Irene,Morales Hernández
4401,Manuel,Castro Santos
4402,Miguel,Molina López
4403,Manuel,Cruz Prieto
4404,Mario,Navarro Domínguez
4405,Miguel,Castillo Pérez
4406,Óscar,Martínez Rubio
4407,Lucía,Sanz Gómez
4408,Adrián,López Moreno
4409,Daniela,Marín Sanz
4410,Elena,Castillo Hernández
4411,Hugo,Romero Moreno
4412,Marcos,Calvo Ruiz
4413,Manuel,Cano Domínguez
4414,Paula,González Sánchez
4415,Rubén,Rodríguez Torres
4416,Javier,Gómez Cruz
4417,Javier,Cortés Alonso
4418,Irene,Morales Ortiz
4419,Pablo,Ramos Hernández
4420,Javier,Santos Iglesias
4421,Adrián,Sanz Ortiz
4422,Miguel,Santos Rubio
4423,Óscar,Vázquez Rubio
4424,David,Ramos Gutiérrez
4425,Nicolás,Marín Santos
4426,Rubén,Guerrero Marín
4427,Nicolás,Ruiz Cortés
4428,Alejandro,Ramos Gil
4429,Hugo,Navarro Prieto
4430,Adrián,Cortés González
4431,Sara,Romero Romero
4432,Alejandro,Rodríguez Cruz
4433,Sergio,Morales Rodríguez
4434,Julia,Cortés Gutiérrez
4435,Irene,Sanz Cano
4436,David,Delgado Torres
4437,Alba,Blanco Ortega
4438,David,Prieto Ortega
4439,María,Ortiz Medina
4440,Lucía,Rubio Ortega
4441,Paula,Cruz García
4442,Sergio,Guerrero Ortega
4443,Raquel,Díaz Díaz
4444,David,Delgado González
4445,Rubén,Pérez Medina
4446,Daniela,Fernández Jiménez
4447,Marta,Navarro Delgado
4448,Irene,Santos Delgado
4449,Carmen,Medina Ruiz
4450,Sofía,García Blanco
4451,Pablo,Álvarez Ramos
4452,Adriana,García Álvarez
4453,Adrián,Rubio Ortega
4454,María,Moreno Serrano
4455,Andrea,Calvo Marín
4456,Antonio,Álvarez Marín
4457,Daniela,Medina Serrano
4458,Álvaro,Morales Morales
4459,Jorge,Gutiérrez Moreno
4460,Julia,Cano Cruz
4461,Mario,Moreno Sanz
4462,Javier,Ortega Molina
4463,Hugo,Cano Martínez
4464,Eva,Alonso Marín
4465,David,Sanz Morales
4466,Lucía,Rubio Sanz
4467,Marta,Cano Domínguez
4468,Jorge,Álvarez Suárez
4469,Adriana,Navarro Romero
4470,Nicolás,Cruz Méndez
4471,Paula,Lozano Gil
4472,Hugo,Sánchez Muñoz
4473,Nicolás,Cortés Blanco
4474,Alejandro,Martín Cortés
4475,María,Martínez Moreno
4476,Javier,Gómez Serrano
4477,Marta,Vázquez Santos
4478,Óscar,Molina Cruz
4479,Laura,Castillo Castillo
4480,Lucía,Torres Suárez
4481,Eva,Martínez Molina
4482,Aitana,Gómez Iglesias
4483,Eva,Ortega Ruiz
4484,Eva,Ruiz Gil
4485,Óscar,Martín Domínguez
4486,Nuria,Morales Pérez
4487,Laura,González Vázquez
4488,Claudia,Serrano Cruz
4489,Diego,Gómez Rubio
4490,Aitana,Blanco Marín
4491,Sergio,Méndez Moreno
4492,Nuria,Martínez Méndez
4493,David,Sanz Hernández
4494,Andrea,López Gutiérrez
4495,Daniela,Calvo Domínguez
4496,Adriana,Sanz López
4497,Rubén,Álvarez Álvarez
4498,Laura,Castillo Romero
4499,Sara,Jiménez Morales
4500,Antonio,Hernández Martín
4501,Raquel,Marín Delgado
4502,Alejandro,Domínguez Sanz
4503,David,Calvo Sánchez
4504,Claudia,Morales Méndez
4505,Raquel,Gil Serrano
4506,Adriana,Gómez Castillo
4507,Elena,Calvo Suárez
4508,Sofía,Serrano Díaz
4509,Javier,Santos Morales
4510,Miguel,Delgado Navarro
4511,Marta,Gutiérrez Serrano
4512,Rubén,Cano Ramos
4513,Sergio,Vázquez Hernández
4514,Irene,Gutiérrez Guerrero
4515,Javier,Méndez Blanco
4516,Iván,Cano Rodríguez
4517,Sara,Romero Serrano
4518,Irene,Serrano Iglesias
4519,Marcos,Iglesias González
4520,María,Guerrero Medina
4521,Adriana,Marín Domínguez
4522,Manuel,Pérez Blanco
4523,Alejandro,Iglesias Romero
4524,Julia,Molina Navarro
4525,Alejandro,Muñoz Iglesias
4526,Marcos,Cano Gómez
4527,Lucía,Santos Santos
4528,Marta,Pérez Ortega
4529,Nuria,Méndez Suárez
4530,Adrián,Morales Hernández
4531,Nicolás,Cano Santos
4532,Adrián,Rubio Álvarez
4533,Javier,Martínez García
4534,Raquel,Ortiz Martín
4535,Jorge,Castillo Delgado
4536,Rubén,Pérez Moreno
4537,Julia,Pérez Serrano
4538,Claudia,Calvo Gil
4539,Jorge,González Rodríguez
4540,Óscar,Martínez Gil
4541,Rubén,Martínez Delgado
4542,Raquel,Méndez Guerrero
4543,Aitana,Torres Lozano
4544,Alejandro,Navarro Sánchez
4545,Laura,Ortiz Cruz
4546,Paula,Méndez Díaz
4547,Irene,Gutiérrez Hernández
4548,Manuel,Gutiérrez Rubio
4549,Nicolás,García Suárez
4550,Alba,Marín Moreno
4551,Sara,Alonso Fernández
4552,Manuel,López Delgado
4553,Adriana,Gil Iglesias
4554,Alba,Suárez Romero
4555,Paula,Díaz Méndez
4556,Andrea,Lozano Ortega
4557,Alejandro,Muñoz Cano
4558,Andrea,Pérez Díaz
4559,Marcos,Castro Calvo
4560,Iván,Suárez Castillo
4561,Marcos,Castillo Alonso
4562,Marta,Álvarez Jiménez
4563,Adrián,Jiménez Romero
4564,Antonio,Alonso Suárez
4565,Javier,Díaz Ruiz
4566,María,Hernández Martín
4567,Claudia,Gutiérrez Domínguez
4568,Andrea,Ortiz Calvo
4569,Hugo,Castro Morales
4570,Sergio,Castillo Vázquez
4571,Julia,Alonso Prieto
4572,Javier,Ruiz Gómez
4573,Carmen,Delgado Torres
4574,Pablo,Castillo Navarro
4575,Laura,Ramos Romero
4576,Nicolás,Domínguez Hernández
4577,Elena,Álvarez Jiménez
4578,Jorge,García Méndez
4579,Elena,Moreno Medina
4580,Andrea,Blanco Sanz
4581,David,Molina Fernández
4582,María,Ortega Hernández
4583,Irene,Romero Navarro
4584,Marta,Ortega Iglesias
4585,Aitana,Ramos Delgado
4586,Manuel,Castro Calvo
4587,Alba,Serrano González
4588,Andrea,Castillo Pérez
4589,Diego,Sanz Sánchez
4590,Paula,Muñoz Serrano
4591,Claudia,Calvo Delgado
4592,Alejandro,Martínez Ortega
4593,Alba,Martínez Jiménez
4594,Sergio,Guerrero Rodríguez
4595,Iván,Gómez Iglesias
4596,Nicolás,Ramos Martín
4597,Marcos,Navarro Álvarez
4598,David,López Gutiérrez
4599,Manuel,González Jiménez
4600,Marta,Martínez López
4601,Aitana,Lozano Domínguez
4602,Irene,Martín Rubio
4603,Eva,Ruiz Cano
4604,Marta,Martínez Domínguez
4605,Óscar,Hernández Marín
4606,Irene,Navarro López
4607,Daniel,Ramos Pérez
4608,Marta,Rodríguez Romero
4609,Laura,Martínez Ruiz
4610,Eva,Alonso Lozano
4611,Sara,Suárez Gutiérrez
4612,Julia,Fernández Ortiz
4613,David,Lozano López
4614,Rubén,Molina Moreno
4615,Raquel,Lozano Gutiérrez
4616,Manuel,Cortés Torres
4617,Aitana,Guerrero García
4618,David,Rubio Delgado
4619,Miguel,Ruiz Rodríguez
4620,Julia,Muñoz Guerrero
4621,Elena,Iglesias Ortiz
4622,Hugo,López Rubio
4623,Irene,Martín Santos
4624,Eva,Delgado Delgado
4625,Sergio,Sánchez García
4626,Marta,Navarro Castillo
4627,Sara,Jiménez Medina
4628,Raquel,Iglesias Suárez
4629,Paula,Rubio Castillo
4630,Daniela,Rodríguez Sánchez
4631,Sergio,Cano Ramos
4632,Julia,Sanz Ortiz
4633,Daniela,Santos Domínguez
4634,María,Martín Morales
4635,Pablo,Martín Morales
4636,Carmen,Moreno Sanz
4637,Diego,Álvarez Prieto
4638,Marta,López Gómez
4639,Iván,Romero Ruiz
4640,Sergio,Moreno Gil
4641,Irene,Moreno Marín
4642,Óscar,Navarro García
4643,Manuel,Gil Vázquez
4644,Adriana,Fernández Pérez
4645,Iván,Moreno Suárez
4646,Alejandro,Jiménez Cano
4647,Sergio,Pérez Domínguez
4648,Daniela,Serrano Muñoz
4649,Iván,Ortiz Alonso
4650,Marta,Cortés Cruz
4651,Sergio,Marín Iglesias
4652,Jorge,Ortiz Medina
4653,Claudia,Cruz Álvarez
4654,Marcos,González Iglesias
4655,Andrea,Álvarez Santos
4656,David,Martínez Morales
4657,Marcos,Ortiz López
4658,Iván,Alonso Castillo
4659,Alejandro,Alonso Álvarez
4660,Antonio,Serrano Cortés
4661,Marcos,Hernández Díaz
4662,Sergio,Sanz Serrano
4663,Adrián,Sánchez Guerrero
4664,Miguel,Santos Cano
4665,Raquel,Ruiz Ruiz
4666,Andrea,Gutiérrez Cruz
4667,Hugo,Molina Ramos
4668,Alejandro,Lozano Prieto
4669,Sara,Navarro Domínguez
4670,Daniela,Domínguez Gil
4671,Adriana,Torres Muñoz
4672,Iván,Sanz Ortiz
4673,Alba,Cortés Hernández
4674,Daniel,Romero Suárez
4675,Miguel,Castro Gil
4676,Adriana,Domínguez Gil
4677,Daniel,Morales Méndez
4678,Marcos,Molina Álvarez
4679,Daniel,González Hernández
4680,Antonio,Ruiz Hernández
4681,Álvaro,Méndez Molina
4682,María,Delgado Martín
4683,Javier,Santos Marín
4684,David,Hernández Ortega
4685,Andrea,López Cano
4686,Daniel,Cruz Vázquez
4687,Nuria,Torres Ramos
4688,Hugo,Jiménez Cortés
4689,Daniel,Cano Vázquez
4690,Javier,Iglesias Gutiérrez
4691,David,Medina Vázquez
4692,Mario,Sanz Guerrero
4693,Sergio,López Delgado
4694,Daniela,Iglesias Cortés
4695,María,Jiménez Prieto
4696,Rubén,Serrano López
4697,Carmen,Vázquez Calvo
4698,Jorge,Moreno Cruz
4699,Daniel,Fernández Álvarez
4700,Andrea,Vázquez Cano
4701,Alba,Jiménez Molina
4702,Elena,Alonso Alonso
4703,Raquel,Guerrero Santos
4704,Claudia,Fernández López
4705,Nuria,Ramos Lozano
4706,Alba,Lozano Moreno
4707,Julia,Álvarez Pérez
4708,Carmen,Molina Gutiérrez
4709,Elena,Santos Molina
4710,María,Iglesias Navarro
4711,Adriana,Suárez Iglesias
4712,Pablo,Sanz Álvarez
4713,Marcos,Santos Castro
4714,Marcos,Vázquez Torres
4715,Manuel,Castillo Torres
4716,Lucía,Gutiérrez Martín
4717,Nicolás,Lozano Méndez
4718,Eva,Jiménez Blanco
4719,Paula,Vázquez Cortés
4720,Javier,Cortés Medina
4721,Hugo,Moreno Prieto
4722,Iván,Cruz Cano
4723,Carmen,Ortiz Serrano
4724,Laura,Castillo Moreno
4725,Nuria,Cortés Guerrero
4726,Laura,Gutiérrez Fernández
4727,Miguel,Ramos Alonso
4728,Claudia,González Hernández
4729,Miguel,Suárez Iglesias
4730,María,Cortés Hernández
4731,Antonio,Muñoz Gutiérrez
4732,Manuel,Marín Medina
4733,Alba,Martín Moreno
4734,Lucía,Vázquez García
4735,Nuria,Gil Martín
4736,Manuel,Sánchez Gómez
4737,Carmen,Ramos Domínguez
4738,Alba,Ramos Martín
4739,Adriana,Castillo Serrano
4740,Pablo,Álvarez Ramos
4741,Paula,Moreno Sanz
4742,Javier,González Álvarez
4743,Eva,Díaz Hernández
4744,Mario,Ramos Molina
4745,Andrea,Suárez Domínguez
4746,Daniel,Muñoz Martín
4747,Julia,Serrano Díaz
4748,Antonio,Lozano Méndez
4749,Pablo,Blanco Ortega
4750,Julia,González Torres
4751,Carmen,Pérez Hernández
4752,Manuel,Gil Castro
4753,Irene,Martínez Hernández
4754,Marta,Romero Serrano
4755,Jorge,Sanz Alonso
4756,Mario,Cortés Domínguez
4757,Laura,García Medina
4758,Elena,Romero Suárez
4759,Paula,Álvarez Díaz
4760,Adriana,Castillo Torres
4761,Aitana,Navarro Álvarez
4762,Pablo,Ortega Gutiérrez
4763,Javier,Sanz Blanco
4764,Pablo,Méndez Ortiz
4765,Aitana,Álvarez Muñoz
4766,Raquel,González Sanz
4767,Adrián,García Calvo
4768,David,Suárez Romero
4769,Elena,Méndez Lozano
4770,David,Ortega Romero
4771,Adrián,Castillo Serrano
4772,Alba,Díaz Domínguez
4773,Paula,Sanz Castro
4774,Iván,Hernández Blanco
4775,Marta,Martín Rodríguez
4776,Mario,Jiménez Álvarez
4777,Eva,Hernández Gómez
4778,Raquel,Muñoz Gil
4779,Álvaro,García Jiménez
4780,Marta,García Díaz
4781,Marcos,López Sánchez
4782,Álvaro,Fernández Guerrero
4783,Marcos,Medina Vázquez
4784,David,Navarro Torres
4785,Hugo,Gómez Gil
4786,Andrea,Calvo Pérez
4787,Hugo,Torres Suárez
4788,Andrea,Torres Prieto
4789,Andrea,Suárez Ortega
4790,Daniela,Delgado Hernández
4791,Rubén,Álvarez Santos
4792,Daniela,Moreno Cruz
4793,Nuria,Prieto Prieto
4794,Laura,Rubio Romero
4795,Nuria,Ortiz Pérez
4796,Diego,Martínez Domínguez
4797,Daniela,Torres Cortés
4798,Aitana,Iglesias Santos
4799,Manuel,Delgado Martínez
4800,Alejandro,Cruz Ortiz
4801,Óscar,Álvarez Santos
4802,Claudia,Ruiz Méndez
4803,David,López Alonso
4804,Eva,Vázquez Rodríguez
4805,Nuria,Ruiz Marín
4806,Javier,Guerrero Muñoz
4807,Óscar,Marín Guerrero
4808,Julia,Álvarez Iglesias
4809,Miguel,Ramos Muñoz
4810,Adriana,Medina Martínez
4811,Álvaro,Hernández Cruz
4812,Nicolás,Lozano Sanz
4813,Andrea,Díaz Moreno
4814,Nuria,Díaz Muñoz
4815,Hugo,Blanco Suárez
4816,Alba,Jiménez Gutiérrez
4817,Jorge,Domínguez Ortiz
4818,Daniela,Sánchez Delgado
4819,Elena,Romero Rubio
4820,Diego,Blanco Marín
4821,Nuria,Méndez López
4822,Adriana,Serrano Delgado
4823,Óscar,Lozano Vázquez
4824,Antonio,Guerrero Torres
4825,Elena,Sánchez González
4826,Adrián,García Cortés
4827,Diego,Guerrero Cano
4828,Irene,López Gutiérrez
4829,Mario,Castro Romero
4830,Alba,Prieto Fernández
4831,Manuel,Sanz Moreno
4832,Sara,García Alonso
4833,Aitana,Gómez Blanco
4834,Claudia,Romero Domínguez
4835,Adriana,Santos Cruz
4836,Daniela,Blanco Sanz
4837,Raquel,Gutiérrez García
4838,Javier,Martínez Castillo
4839,Julia,López Sanz
4840,Pablo,Navarro Rubio
4841,Daniel,Cortés Guerrero
4842,Hugo,Navarro Ortega
4843,Irene,Cortés Molina
4844,Alejandro,Medina Ruiz
4845,David,Santos Gutiérrez
4846,Miguel,Romero Molina
4847,Andrea,Pérez Santos
4848,Paula,Blanco Cano
4849,Adrián,Guerrero Domínguez
4850,Marcos,Blanco Marín
4851,David,Blanco Gil
4852,Adriana,Ruiz Martínez
4853,Carmen,Alonso Navarro
4854,Marta,Ramos Castro
4855,Sofía,Cortés García
4856,Nicolás,Gómez Prieto
4857,Julia,Álvarez Rubio
4858,Carmen,Delgado Navarro
4859,Óscar,Calvo Martínez
4860,Daniela,Méndez Hernández
4861,Elena,Sánchez Sanz
4862,Adrián,Santos Sánchez
4863,Julia,Suárez Fernández
4864,Hugo,Blanco Romero
4865,María,Torres Sanz
4866,Alejandro,López Alonso
4867,Irene,Alonso Blanco
4868,Nicolás,Gil Jiménez
4869,Mario,Sanz Álvarez
4870,Marcos,Cortés Ruiz
4871,Julia,Sánchez Torres
4872,Iván,Romero Moreno
4873,Carmen,Calvo Torres
4874,Javier,Jiménez Gutiérrez
4875,Paula,González Santos
4876,María,Calvo Lozano
4877,Carmen,Blanco Delgado
4878,Álvaro,Rodríguez Ramos
4879,Nuria,Castro Jiménez
4880,Raquel,Morales García
4881,Mario,Gil Prieto
4882,Laura,Suárez Molina
4883,Lucía,Jiménez Serrano
4884,Elena,Moreno Marín
4885,Óscar,Morales Vázquez
4886,Laura,Jiménez Suárez
4887,Nicolás,Martín Cano
4888,Elena,Ramos Cruz
4889,Álvaro,Cano Álvarez
4890,Marta,Iglesias Suárez
4891,Iván,Álvarez Ortiz
4892,Andrea,Gómez Medina
4893,Sara,Ramos Serrano
4894,Laura,Muñoz Vázquez
4895,Pablo,Ruiz García
4896,Nicolás,Cruz Suárez
4897,Julia,Guerrero Vázquez
4898,Elena,Castillo Álvarez
4899,Antonio,Moreno Iglesias
4900,Irene,Marín Blanco
4901,Irene,Marín Álvarez
4902,Hugo,Sanz Alonso
4903,Mario,López Suárez
4904,Iván,González Iglesias
4905,Diego,Blanco Ortiz
4906,María,Díaz Cruz
4907,Óscar,Romero Guerrero
4908,Pablo,López Álvarez
4909,Marcos,Rodríguez Martín
4910,Raquel,Ruiz Romero
4911,Nuria,Guerrero Suárez
4912,Mario,Blanco Alonso
4913,Manuel,Ortega Pérez
4914,Daniel,Domínguez Ruiz
4915,Lucía,Alonso Iglesias
4916,Alejandro,Sánchez Gómez
4917,Daniel,Rubio Sánchez
4918,Marcos,Sanz Pérez
4919,Miguel,Gutiérrez Cruz
4920,Paula,Gutiérrez Moreno
4921,Javier,Blanco González
4922,Manuel,Navarro Santos
4923,Eva,Rubio Cano
4924,Antonio,Vázquez Hernández
4925,Daniel,Jiménez Méndez
4926,Óscar,Pérez Sánchez
4927,Sara,Hernández Pérez
4928,Manuel,Cruz Díaz
4929,Pablo,Guerrero Sanz
4930,Álvaro,López Morales
4931,Irene,Sanz Gutiérrez
4932,David,Castillo Santos
4933,Mario,Ortiz Vázquez
4934,Carmen,Ortega Delgado
4935,Marcos,Rodríguez Santos
4936,Daniel,Ortiz Cortés
4937,Mario,García Jiménez
4938,Marta,Cruz Cortés
4939,Sara,Gil Gil
4940,Marta,Fernández Muñoz
4941,Sofía,Guerrero Ortega
4942,Adriana,Domínguez Navarro
4943,Marta,Cortés Álvarez
4944,Pablo,Castillo García
4945,Marta,Marín Jiménez
4946,Paula,Blanco Serrano
4947,Elena,Sanz Gutiérrez
4948,Claudia,Cano Méndez
4949,David,Torres Rodríguez
4950,Javier,Vázquez Gómez
4951,Eva,Muñoz Pérez
4952,Andrea,Hernández Blanco
4953,Aitana,Gómez Fernández
4954,David,Santos Blanco
4955,María,Santos Calvo
4956,Eva,Iglesias Guerrero
4957,Hugo,Castillo Cano
4958,Mario,Ramos Blanco
4959,Aitana,Sánchez Pérez
4960,Carmen,Cortés Pérez
4961,Andrea,Cruz Domínguez
4962,Rubén,Cortés Cortés
4963,Laura,Medina Cortés
4964,Óscar,Ramos Domínguez
4965,Nicolás,Ramos Guerrero
4966,Nicolás,Castillo Ortiz
4967,Iván,Ortiz González
4968,Adriana,Jiménez Vázquez
4969,Iván,Ruiz Martínez
4970,Alejandro,Martín Álvarez
4971,Jorge,Rubio Iglesias
4972,Daniel,Ruiz González
4973,Hugo,Hernández Prieto
4974,Nuria,Calvo García
4975,Sergio,Cruz Pérez
4976,Antonio,Álvarez Calvo
4977,Adriana,Iglesias Romero
4978,María,Rodríguez Hernández
4979,Pablo,Moreno Gómez
4980,Hugo,Álvarez Méndez
4981,Marta,Marín Gómez
4982,Alejandro,Gutiérrez Rodríguez
4983,Marta,Sanz Díaz
4984,Aitana,Sanz Ortiz
4985,Pablo,Ruiz Hernández
4986,Marcos,Torres Prieto
4987,Lucía,Serrano Cortés
4988,Adrián,Castro Guerrero
4989,Álvaro,Cano Blanco
4990,Aitana,Calvo Cruz
4991,Carmen,Gil Morales
4992,Eva,Blanco Medina
4993,Irene,Gutiérrez Iglesias
4994,Andrea,Ruiz Moreno
4995,Alba,Sanz Iglesias
4996,Sara,Torres Rodríguez
4997,Nuria,Gil Guerrero
4998,Elena,Martín Blanco
4999,Marta,Serrano Moreno
5000,Antonio,Castro Martínez
5001,David,Ortega Santos
5002,Alba,Morales Muñoz
5003,Jorge,Martínez Alonso
5004,Javier,Fernández Castro
5005,Carmen,Lozano Jiménez
5006,Sara,Alonso Moreno
5007,Daniel,González Díaz
5008,Claudia,Ortega Sanz
5009,Jorge,Cortés Alonso
5010,Andrea,Alonso Blanco
5011,Hugo,Torres Santos
5012,Pablo,Hernández Castillo
5013,Daniel,Molina Delgado
5014,Óscar,Domínguez Guerrero
5015,Alejandro,Navarro Cruz
5016,Claudia,García Ortiz
5017,Marta,Ortiz Ortega
5018,Daniel,Sanz Martínez
5019,Laura,Rubio Ortega
5020,Julia,Molina Hernández
5021,Adrián,Vázquez Iglesias
5022,Javier,Prieto González
5023,Óscar,Suárez Sanz
5024,Jorge,Torres Guerrero
5025,Laura,Torres Santos
5026,Alba,Ramos Gómez
5027,Adrián,Santos Gutiérrez
5028,Sofía,Jiménez Díaz
5029,María,Molina Morales
5030,Paula,Gil Domínguez
5031,Adrián,Martínez Morales
5032,Pablo,Serrano Gómez
5033,Óscar,Lozano Martínez
5034,Hugo,Marín Pérez
5035,Sara,Ortiz López
5036,Adrián,Rubio Calvo
5037,Julia,Díaz Fernández
5038,Álvaro,Delgado Iglesias
5039,Claudia,Moreno Ruiz
5040,Adriana,Ortiz Morales
5041,Mario,Sánchez Gil
5042,Álvaro,Navarro Méndez
5043,Miguel,González López
5044,Pablo,Rubio Hernández
5045,Adrián,Muñoz Torres
5046,Sergio,Ortega Sanz
5047,Aitana,Marín Molina
5048,Óscar,Sánchez Prieto
5049,Pablo,Serrano Romero
5050,Daniel,Díaz Vázquez
5051,Sofía,Medina Blanco
5052,Iván,Alonso Hernández
5053,Óscar,Martínez Molina
5054,David,Santos Alonso
5055,Adrián,Iglesias Pérez
5056,Mario,Díaz Ortiz
5057,Nuria,Ramos Sanz
5058,Laura,Muñoz Delgado
5059,Lucía,Ruiz Vázquez
5060,Claudia,López Vázquez
5061,Sofía,Pérez Ramos
5062,Eva,Álvarez Hernández
5063,Óscar,Rodríguez Ruiz
5064,Irene,Gil Gil
5065,Claudia,Moreno Suárez
5066,Javier,Rubio Rubio
5067,Adriana,Ruiz Moreno
5068,Óscar,Morales Morales
5069,Diego,Morales Marín
5070,Adriana,Torres Díaz
5071,Rubén,González Muñoz
5072,Nuria,Ortiz Vázquez
5073,Nicolás,Méndez Fernández
5074,Carmen,Ramos Fernández
5075,Andrea,Ruiz Gómez
5076,Pablo,Cano González
5077,Miguel,Castro Medina
5078,Mario,Blanco Jiménez
5079,Diego,Castro López
5080,Aitana,García Medina
5081,Laura,Medina Molina
5082,Raquel,Torres Delgado
5083,María,Blanco Romero
5084,Nicolás,Ramos Martín
5085,Alba,Castillo Suárez
5086,Jorge,Díaz Sanz
5087,Rubén,Hernández Domínguez
5088,Antonio,Gutiérrez Calvo
5089,Sergio,González Vázquez
5090,Nuria,Hernández Méndez
5091,Carmen,Torres Santos
5092,Pablo,Molina Castillo
5093,Sara,Blanco Suárez
5094,Álvaro,Álvarez Moreno
5095,Julia,Gómez Ruiz
5096,Adrián,Hernández Martín
5097,Jorge,Morales Prieto
5098,Carmen,Castillo Gil
5099,Daniel,Romero Díaz
5100,Raquel,Cano Ortega
5101,Daniel,Alonso Cruz
5102,Daniela,Hernández Hernández
5103,David,Santos Ortiz
5104,Javier,Prieto Blanco
5105,Laura,Blanco Delgado
5106,Adrián,Morales Hernández
5107,Marcos,Delgado Castillo
5108,Marta,Sanz Castro
5109,Raquel,Serrano González
5110,Manuel,Prieto Álvarez
5111,Pablo,Alonso Díaz
5112,Mario,Rubio Ruiz
5113,Antonio,Domínguez Morales
5114,Jorge,Cano Gutiérrez
5115,Eva,Guerrero Ruiz
5116,Alba,Molina Marín
5117,Alba,Sánchez Gutiérrez
5118,Adrián,Méndez Martínez
5119,Claudia,Rubio Prieto
5120,Nicolás,Álvarez Navarro
5121,Pablo,García Rubio
5122,Claudia,Delgado Gutiérrez
5123,Álvaro,Castro Ruiz
5124,Sergio,Guerrero Marín
5125,Paula,Romero Suárez
5126,Aitana,Serrano Guerrero
5127,Sofía,Ortega González
5128,Nicolás,Martín Fernández
5129,Irene,Ruiz Castro
5130,Óscar,Delgado Hernández
5131,Mario,Vázquez Rodríguez
5132,Álvaro,Molina Martín
5133,Miguel,Gil Serrano
5134,Daniela,Cruz Jiménez
5135,Sofía,Ruiz Marín
5136,Claudia,Calvo Navarro
5137,Lucía,Serrano Prieto
5138,Laura,Castillo Cano
5139,Javier,Alonso Jiménez
5140,Rubén,Vázquez Martín
5141,Pablo,Martín Sanz
5142,Jorge,Fernández Guerrero
5143,Miguel,Sanz Castillo
5144,Marcos,Sanz Guerrero
5145,Laura,Rubio Suárez
5146,Marta,Serrano Jiménez
5147,Raquel,Delgado Méndez
5148,Elena,Molina López
5149,Alejandro,Santos Sánchez
5150,Sofía,Ramos Rodríguez
5151,Jorge,Ortiz Ortiz
5152,Carmen,Ortiz Martínez
5153,Claudia,Vázquez Delgado
5154,Paula,Romero Ortega
5155,Nuria,Rodríguez Navarro
5156,María,López Romero
5157,Nicolás,Gil Gil
5158,Sergio,González Molina
5159,Sergio,Molina Lozano
5160,David,López Muñoz
5161,Adrián,Martín Serrano
5162,Nicolás,Sánchez Sánchez
5163,Manuel,Prieto Muñoz
5164,Laura,Jiménez Molina
5165,Adrián,Ortega Cortés
5166,Miguel,Rodríguez Serrano
5167,Lucía,Marín García
5168,Paula,Lozano Pérez
5169,Miguel,Ramos Torres
5170,Lucía,Torres Romero
5171,Raquel,Delgado Sánchez
5172,Adrián,Vázquez Serrano
5173,Hugo,Domínguez Ruiz
5174,María,Navarro Pérez
5175,Raquel,Guerrero Ortiz
5176,Adriana,Ruiz Gutiérrez
5177,Marcos,Díaz Blanco
5178,Óscar,Calvo Pérez
5179,Sergio,Sánchez Lozano
5180,Manuel,Castro Castillo
5181,Carmen,Fernández Cortés
5182,Hugo,Calvo Cruz
5183,Miguel,Ortiz Guerrero
5184,Adriana,Sanz Álvarez
5185,Sergio,Navarro Molina
5186,Jorge,Guerrero Moreno
5187,Sofía,Santos Gil
5188,Pablo,Martínez Hernández
5189,Marta,Alonso García
5190,Adrián,Alonso Castro
5191,Marcos,Rubio Cortés
5192,María,Cano Castillo
5193,Hugo,Castro Sanz
5194,Diego,Pérez Jiménez
5195,Adriana,López Domínguez
5196,Diego,Gómez Ortega
5197,Javier,Méndez Santos
5198,Óscar,Martín Navarro
5199,Eva,Pérez Santos
5200,Carmen,Jiménez Moreno
5201,Álvaro,Cano Romero
5202,Elena,Ortega Guerrero
5203,Miguel,López Molina
5204,Adrián,Muñoz Gómez
5205,Sara,Iglesias Muñoz
5206,Hugo,Ortiz Rubio
5207,Nuria,Suárez Blanco
5208,Lucía,Sanz Rodríguez
5209,Miguel,Santos Martínez
5210,Javier,González Díaz
5211,Pablo,Cortés Gil
5212,Alba,Guerrero Muñoz
5213,Raquel,Sanz Sánchez
5214,Irene,Hernández Prieto
5215,Adrián,Romero Muñoz
5216,Laura,Díaz Sánchez
5217,Alba,Iglesias Castro
5218,Elena,Ramos Delgado
5219,Alba,Pérez Ruiz
5220,David,Domínguez Martín
5221,Iván,Domínguez Serrano
5222,Marcos,Vázquez Martín
5223,Antonio,Moreno López
5224,Antonio,González Ortiz
5225,Aitana,Navarro Sánchez
5226,Rubén,Ortega Iglesias
5227,Diego,Serrano Álvarez
5228,María,Gutiérrez Méndez
5229,Eva,Jiménez Navarro
5230,Nicolás,González Gil
5231,Adriana,Molina Muñoz
5232,Óscar,Ortega Lozano
5233,Antonio,Santos Martínez
5234,Miguel,Iglesias Molina
5235,Pablo,Santos Medina
5236,Pablo,Ruiz Vázquez
5237,Manuel,González Navarro
5238,David,González Pérez
5239,Sara,Ortiz García
5240,Sofía,Morales Álvarez
5241,Julia,Iglesias Prieto
5242,Elena,Prieto Ramos
5243,Daniel,Muñoz Díaz
5244,Irene,Marín Hernández
5245,Sergio,Guerrero Díaz
5246,Óscar,Romero Martín
5247,Elena,Martínez Suárez
5248,Sara,Navarro Martín
5249,Lucía,Pérez Vázquez
5250,Javier,Gutiérrez Muñoz
5251,Óscar,Martínez Blanco
5252,Pablo,Ramos Gil
5253,Nuria,Ortega Marín
5254,Daniel,Ramos Iglesias
5255,Nuria,Gil Martín
5256,Iván,Domínguez Medina
5257,Marcos,Ramos Muñoz
5258,Adrián,Ruiz Medina
5259,Sofía,Romero Martín
5260,Alba,Lozano Gil
5261,Mario,Álvarez Rodríguez
5262,Adriana,González Cano
5263,María,Romero Ortega
5264,David,Castro Cortés
5265,Nicolás,Martín Guerrero
5266,Carmen,Pérez Vázquez
5267,Miguel,Sanz Gómez
5268,Elena,Prieto Delgado
5269,Adriana,Delgado González
5270,Sofía,Calvo Sánchez
5271,Paula,Ortiz Alonso
5272,Andrea,Delgado Rubio
5273,Miguel,Muñoz Marín
5274,Jorge,Gil Morales
5275,Marta,Gil Navarro
5276,David,Cano Rubio
5277,Eva,Morales Prieto
5278,Eva,Jiménez Ruiz
5279,Álvaro,Marín Marín
5280,Daniel,Navarro Ortega
5281,Alba,Ortega Molina
5282,Marta,Molina Suárez
5283,Aitana,Alonso Serrano
5284,Andrea,Ramos Castillo
5285,Julia,Gutiérrez González
5286,Antonio,Suárez Rodríguez
5287,Eva,Álvarez Suárez
5288,Mario,Santos Hernández
5289,Iván,Martínez Cano
5290,Hugo,Cruz Medina
5291,Óscar,Méndez Lozano
5292,Óscar,Delgado Domínguez
5293,David,Medina Ramos
5294,Miguel,Morales Gil
5295,Marta,Gómez García
5296,Daniel,Castro Castillo
5297,Nicolás,Méndez Ortega
5298,Rubén,Cortés Martínez
5299,Miguel,Delgado Ruiz
5300,Diego,Hernández Martín
5301,Paula,Fernández Sánchez
5302,Adriana,Castillo Romero
5303,Javier,Suárez Iglesias
5304,Julia,Romero Alonso
5305,Daniel,Fernández Cortés
5306,Daniela,Santos Suárez
5307,Paula,Hernández Blanco
5308,Sara,Muñoz Calvo
5309,David,Vázquez Delgado
5310,Diego,Blanco Gutiérrez
5311,Rubén,Gómez Cano
5312,Adriana,Ortiz Castillo
5313,Hugo,Vázquez Marín
5314,Elena,Vázquez Gutiérrez
5315,Hugo,Santos Vázquez
5316,Miguel,Fernández Moreno
5317,Elena,Rodríguez González
5318,Jorge,Domínguez Castro
5319,Diego,Calvo Fernández
5320,Elena,Castillo González
5321,Álvaro,Gómez Muñoz
5322,Alba,Torres Muñoz
5323,Javier,Gutiérrez González
5324,Aitana,Martín Jiménez
5325,Lucía,Rubio Hernández
5326,Nuria,Blanco Pérez
5327,Alejandro,Hernández Prieto
5328,Adriana,Sanz Moreno
5329,Adriana,Sanz Guerrero
5330,Jorge,Serrano Prieto
5331,Sara,Álvarez Ortega
5332,Sergio,Ruiz Díaz
5333,Eva,Ortiz Alonso
5334,Jorge,Martínez Castillo
5335,Carmen,Díaz Serrano
5336,Adrián,Castillo Cruz
5337,Lucía,Sanz García
5338,Hugo,Gómez Domínguez
5339,Alba,Medina Torres
5340,Alba,Medina Romero
5341,Sofía,Cruz Delgado
5342,Andrea,Muñoz Molina
5343,Carmen,Jiménez Díaz
5344,Marta,Alonso Rodríguez
5345,Daniela,Navarro Suárez
5346,Mario,Gil Prieto
5347,Mario,Marín Lozano
5348,Daniel,Domínguez López
5349,Paula,Torres Moreno
5350,Carmen,Rodríguez Cortés
5351,Daniel,Fernández Ruiz
5352,Marta,Sánchez Fernández
5353,Manuel,Medina Martínez
5354,Julia,Marín Hernández
5355,Daniel,González Prieto
5356,Nicolás,Prieto Marín
5357,María,Ortega Gómez
5358,Elena,Muñoz Gutiérrez
5359,Paula,Pérez Marín
5360,Adriana,Iglesias Martínez
5361,Adrián,Moreno Domínguez
5362,Javier,Serrano Cano
5363,Iván,Cortés Jiménez
5364,Laura,Hernández Medina
5365,Óscar,Moreno González
5366,Sergio,Díaz Medina
5367,Aitana,Calvo Prieto
5368,Sara,Alonso Domínguez
5369,Óscar,Díaz Martínez
5370,Aitana,Sanz Serrano
5371,Rubén,Ortiz Fernández
5372,Miguel,Delgado Ruiz
5373,Sergio,Domínguez Jiménez
5374,Daniela,Jiménez Castillo
5375,Eva,Calvo Serrano
5376,Iván,Martínez Sánchez
5377,María,Medina Sanz
5378,Aitana,Cano Romero
5379,Hugo,Alonso Hernández
5380,Sara,Méndez Blanco
5381,Laura,Torres Cruz
5382,Álvaro,Morales Guerrero
5383,Sergio,Díaz Cruz
5384,Iván,Alonso Domínguez
5385,Laura,Sanz Calvo
5386,Sergio,Ruiz Alonso
5387,Diego,López García
5388,Paula,Gómez Molina
5389,Óscar,Cortés Muñoz
5390,Nuria,Sanz Pérez
5391,Miguel,Gutiérrez Lozano
5392,Sara,Morales Domínguez
5393,Alejandro,Serrano Castro
5394,Daniel,Lozano Gómez
5395,David,Romero Suárez
5396,Elena,Molina Pérez
5397,Sofía,Moreno Cano
5398,María,Serrano Iglesias
5399,Nicolás,Méndez Martín
5400,Raquel,Muñoz Gómez
5401,Marta,Ruiz Navarro
5402,Daniel,Martín Alonso
5403,Sofía,Méndez García
5404,Javier,Ramos Morales
5405,Laura,Moreno Romero
5406,Aitana,Álvarez Suárez
5407,Álvaro,González Castro
5408,Antonio,Romero Medina
5409,Marcos,Prieto Hernández
5410,María,Moreno Alonso
5411,Eva,Calvo Ramos
5412,Daniela,Sánchez Prieto
5413,Nuria,Alonso Cruz
5414,Paula,Suárez Blanco
5415,Iván,Sánchez Santos
5416,Nuria,Moreno Pérez
5417,David,López Pérez
5418,María,Lozano Medina
5419,Elena,Ruiz Sánchez
5420,Elena,Pérez Torres
5421,Irene,Santos Navarro
5422,Marta,Cruz Ortega
5423,Miguel,Romero Rodríguez
5424,Sergio,Santos Prieto
5425,Lucía,Morales Martínez
5426,Manuel,Delgado Rodríguez
5427,Rubén,Méndez Sánchez
5428,Alejandro,Jiménez López
5429,Hugo,Morales Medina
5430,Lucía,Rodríguez Muñoz
5431,Diego,Serrano Iglesias
5432,María,Domínguez Molina
5433,Adrián,Sanz Castillo
5434,Javier,Santos Martínez
5435,María,Gutiérrez Romero
5436,Andrea,García Castillo
5437,Claudia,Gómez Sanz
5438,Mario,Álvarez Cano
5439,Manuel,Romero Martín
5440,Sofía,Lozano Gómez
5441,Carmen,Molina Navarro
5442,Diego,Martín Suárez
5443,María,Ruiz Pérez
5444,Óscar,Ortega Navarro
5445,Antonio,Pérez Pérez
5446,Alejandro,Prieto Moreno
5447,Elena,Cortés Fernández
5448,Alba,Romero Domínguez
5449,Paula,Romero Rubio
5450,Mario,Molina Ortega
5451,María,Marín Santos
5452,Marta,Navarro Vázquez
5453,Claudia,Medina Suárez
5454,Manuel,Iglesias Rodríguez
5455,Marta,Álvarez Morales
5456,Adrián,Sanz Medina
5457,Alejandro,Méndez Jiménez
5458,Julia,Medina García
5459,Antonio,Torres Martínez
5460,Pablo,Méndez Martínez
5461,Antonio,Martínez Jiménez
5462,Miguel,Iglesias Calvo
5463,Lucía,Alonso Castro
5464,Daniel,Cano Santos
5465,Eva,González Fernández
5466,Claudia,Castillo González
5467,Marcos,Santos Molina
5468,Marcos,Cano Rubio
5469,Laura,Guerrero Cano
5470,Daniel,Muñoz López
5471,Laura,Martínez Marín
5472,Rubén,Calvo Navarro
5473,Paula,Serrano Pérez
5474,Daniela,Torres Cruz
5475,Irene,Santos Sanz
5476,Marta,Romero Serrano
5477,Marta,Ortega Ortiz
5478,Alba,Hernández Ramos
5479,Sara,Vázquez Blanco
5480,Julia,Cano Ruiz
5481,Claudia,Gutiérrez Suárez
5482,Laura,Ruiz Guerrero
5483,Julia,Cano Hernández
5484,Marcos,Muñoz Prieto
5485,Daniela,García Alonso
5486,Julia,Marín Cano
5487,Sergio,García Romero
5488,Laura,Sanz Iglesias
5489,Paula,Moreno Rubio
5490,Julia,Marín Cruz
5491,Mario,Méndez Alonso
5492,Antonio,Guerrero Suárez
5493,Rubén,Ruiz Álvarez
5494,Iván,Cano Rodríguez
5495,Julia,Muñoz Romero
5496,Adrián,Lozano Alonso
5497,Paula,Alonso Ramos
5498,Eva,Medina Navarro
5499,Diego,Jiménez Gil
5500,Manuel,Castillo Suárez
5501,Iván,Gutiérrez Sánchez
5502,Iván,Ruiz Lozano
5503,Claudia,Navarro López
5504,Mario,Gómez Prieto
5505,Mario,Medina Navarro
5506,Sara,Ramos Serrano
5507,Antonio,Iglesias Santos
5508,Daniel,Molina Cano
5509,Sara,González Morales
5510,Nuria,Lozano Cruz
5511,Antonio,Romero Santos
5512,Adrián,Serrano Martínez
5513,Laura,Rodríguez Hernández
5514,Adrián,Romero Muñoz
5515,Pablo,Calvo Gutiérrez
5516,Aitana,Santos Marín
5517,Adrián,Delgado Jiménez
5518,Irene,Romero Cano
5519,Pablo,Cano Domínguez
5520,Javier,Méndez Muñoz
5521,Rubén,Gómez Lozano
5522,Andrea,Domínguez González
5523,Raquel,Serrano Méndez
5524,Julia,Martín Lozano
5525,Laura,Cortés Jiménez
5526,Alba,Álvarez Gutiérrez
5527,David,Morales Castillo
5528,Rubén,Torres Cano
5529,Daniel,Rodríguez Sanz
5530,Nuria,Marín Álvarez
5531,Alba,Ramos Martínez
5532,Rubén,Castro Sánchez
5533,Sergio,Calvo Álvarez
5534,Irene,Ortiz Marín
5535,Pablo,Castro Marín
5536,Marcos,Martínez Navarro
5537,Daniela,García Torres
5538,María,Méndez Santos
5539,Mario,Pérez Castillo
5540,Jorge,Ramos Ortiz
5541,Aitana,Serrano Muñoz
5542,Adrián,Álvarez Iglesias
5543,Álvaro,González Suárez
5544,Julia,Fernández Molina
5545,Elena,Ortiz Lozano
5546,Sergio,Ortega Hernández
5547,Manuel,Domínguez García
5548,Sofía,Cano Morales
5549,Sofía,Guerrero Vázquez
5550,Pablo,Ortiz Navarro
5551,Alba,Castillo Álvarez
5552,Javier,Ortega Moreno
5553,Aitana,Serrano Sanz
5554,Sofía,Morales Torres
5555,Jorge,Domínguez Jiménez
5556,Diego,Méndez Fernández
5557,Daniel,Navarro López
5558,Adrián,Díaz Sánchez
5559,Lucía,Rodríguez Vázquez
5560,Diego,Álvarez Guerrero
5561,Alba,Romero Jiménez
5562,María,Lozano Fernández
5563,Laura,Rubio Gómez
5564,Laura,Martín Calvo
5565,Daniel,Gil Navarro
5566,Iván,Molina Sanz
5567,Elena,Lozano Álvarez
5568,Diego,Molina Gómez
5569,Alejandro,Hernández Sánchez
5570,Marcos,Iglesias Gil
5571,Elena,Ortega Prieto
5572,Nicolás,López Ramos
5573,Álvaro,Fernández Cruz
5574,Sergio,Pérez Medina
5575,Antonio,Calvo Ortega
5576,Raquel,Alonso Gil
5577,Óscar,Ortiz Delgado
5578,Alba,Prieto Rodríguez
5579,Alejandro,Ortiz Rubio
5580,Manuel,Gómez Muñoz
5581,Diego,Gil Castillo
5582,Raquel,Delgado Marín
5583,Alejandro,Díaz Rodríguez
5584,Sergio,Lozano Moreno
5585,Sofía,Navarro Ortiz
5586,Aitana,Sanz Pérez
5587,Raquel,Gil Molina
5588,Óscar,Ortega Pérez
5589,Marcos,Fernández Cortés
5590,Daniela,Rodríguez Méndez
5591,Marta,Pérez Marín
5592,Daniel,Santos Sánchez
5593,Carmen,Suárez Ramos
5594,Daniel,Serrano Santos
5595,Paula,Vázquez Hernández
5596,Manuel,Delgado Muñoz
5597,Lucía,Serrano Méndez
5598,Mario,Blanco Vázquez
5599,Daniel,Vázquez Romero
5600,Lucía,Moreno Sanz
5601,Daniela,Fernández Santos
5602,Hugo,Marín Iglesias
5603,Sofía,Rodríguez Delgado
5604,Aitana,Martín Guerrero
5605,Hugo,Méndez Sánchez
5606,Alba,Alonso Castillo
5607,Jorge,Suárez Pérez
5608,Lucía,Blanco Vázquez
5609,María,Rodríguez Méndez
5610,Raquel,Torres Delgado
5611,Miguel,Serrano Álvarez
5612,Rubén,Álvarez Cruz
5613,David,Gil Ramos
5614,Eva,Moreno Iglesias
5615,Marta,Fernández Domínguez
5616,Elena,Martín Iglesias
5617,Sara,Prieto Gil
5618,Miguel,Fernández Delgado
5619,Sara,Moreno Díaz
5620,Alejandro,Rodríguez Castillo
5621,Nuria,Delgado Morales
5622,Sara,Martín Prieto
5623,Jorge,Méndez Pérez
5624,Adrián,García Sanz
5625,Andrea,Gómez Hernández
5626,Alejandro,Torres Ruiz
5627,Raquel,Hernández Lozano
5628,Andrea,Serrano Rubio
5629,Hugo,Martín López
5630,Óscar,Ortiz Cortés
5631,Elena,Lozano Ruiz
5632,Diego,Ortega Cortés
5633,Nicolás,Rubio Guerrero
5634,Irene,Castillo Sanz
5635,Daniela,Santos Cano
5636,Elena,Muñoz Iglesias
5637,Lucía,Muñoz Torres
5638,Miguel,Cano Gómez
5639,Aitana,Muñoz Romero
5640,Marta,Alonso Suárez
5641,Paula,Moreno Ortega
5642,Adrián,Suárez Hernández
5643,Daniel,Gómez Serrano
5644,Marta,Cano Delgado
5645,Óscar,Romero Prieto
5646,Julia,Sánchez Navarro
5647,Daniela,Delgado Muñoz
5648,Álvaro,Hernández Ortega
5649,Carmen,Iglesias Guerrero
5650,Marta,Guerrero Alonso
5651,Miguel,Álvarez Ruiz
5652,Daniel,Suárez Martínez
5653,David,Sánchez Delgado
5654,Sofía,Cortés Cruz
5655,Óscar,Castro Vázquez
5656,Hugo,Méndez Navarro
5657,Hugo,Santos Domínguez
5658,Diego,Sánchez Navarro
5659,Manuel,Morales Vázquez
5660,Eva,Marín Muñoz
5661,Hugo,Moreno Morales
5662,Daniel,Guerrero Méndez
5663,Irene,Castillo Medina
5664,Pablo,Delgado Pérez
5665,Elena,Pérez Ortiz
5666,Hugo,Ruiz López
5667,Irene,Suárez González
5668,Julia,García Alonso
5669,Rubén,Navarro Cano
5670,Mario,Lozano Vázquez
5671,Paula,Rubio Romero
5672,Diego,Gutiérrez Ramos
5673,Rubén,Molina Alonso
5674,Carmen,Ruiz Medina
5675,Laura,Jiménez Alonso
5676,Carmen,Blanco Molina
5677,Alba,Gil Ramos
5678,Carmen,Cruz Romero
5679,Marcos,Serrano Domínguez
5680,Marta,Morales Torres
5681,Daniel,Navarro Hernández
5682,Daniela,Sanz Sánchez
5683,Sofía,García Sanz
5684,Sergio,Iglesias Alonso
5685,Hugo,Gil Vázquez
5686,Marta,Castillo Cano
5687,Andrea,Molina Molina
5688,Julia,Díaz Sanz
5689,Alejandro,Rodríguez Hernández
5690,Paula,Torres Prieto
5691,Mario,Santos Ramos
5692,Elena,Marín Navarro
5693,Diego,Molina Cortés
5694,Aitana,Torres Blanco
5695,Irene,Hernández Romero
5696,Nicolás,Calvo Vázquez
5697,Daniela,Díaz Blanco
5698,Marta,Sánchez Morales
5699,David,Vázquez Delgado
5700,Marta,Cortés Prieto
5701,Raquel,Jiménez Romero
5702,Raquel,Navarro Calvo
5703,Carmen,Alonso Cruz
5704,Álvaro,Pérez Suárez
5705,Marcos,Medina Calvo
5706,Nicolás,Serrano Morales
5707,Nuria,Muñoz Medina
5708,Daniela,Hernández Ortega
5709,Sofía,Cortés Pérez
5710,Sara,Iglesias Navarro
5711,Lucía,González Vázquez
5712,Óscar,Romero Iglesias
5713,David,Ortega Navarro
5714,Miguel,Hernández Delgado
5715,Aitana,Pérez Castro
5716,David,Sánchez Santos
5717,Alba,Serrano Díaz
5718,Irene,Delgado Castro
5719,Raquel,Gutiérrez Santos
5720,Sofía,Álvarez Alonso
5721,Eva,Muñoz Martín
5722,Sara,Romero Rodríguez
5723,Claudia,González Hernández
5724,Rubén,Romero Ramos
5725,Julia,Molina Ortega
5726,Pablo,Pérez Pérez
5727,Óscar,Iglesias Martín
5728,Nuria,Sánchez Molina
5729,Sofía,Morales Cortés
5730,Diego,Iglesias Santos
5731,Sergio,Gil Calvo
5732,Antonio,Cruz González
5733,Irene,García Marín
5734,Álvaro,Cruz Rubio
5735,Hugo,Santos Gil
5736,María,Álvarez Calvo
5737,Claudia,Ramos Gutiérrez
5738,Lucía,Ortiz Rodríguez
5739,Miguel,Cano Méndez
5740,Rubén,Gil Suárez
5741,Álvaro,Pérez Martín
5742,Álvaro,Domínguez García
5743,Elena,Calvo Méndez
5744,Mario,López Cruz
5745,Óscar,Hernández Ortiz
5746,Adrián,Gutiérrez Cano
5747,Rubén,Martínez Suárez
5748,Miguel,Jiménez Fernández
5749,Iván,Domínguez Jiménez
5750,Marta,Martín Muñoz
5751,Marta,Medina Morales
5752,Antonio,Suárez Alonso
5753,Álvaro,Castro Morales
5754,Julia,Prieto Martín
5755,Carmen,Cortés Serrano
5756,Paula,López García
5757,Aitana,García Sánchez
5758,Manuel,Jiménez Martínez
5759,Carmen,Gómez Hernández
5760,Elena,García Molina
5761,Rubén,Blanco Castro
5762,Iván,Lozano Cano
5763,Irene,Ramos Hernández
5764,Diego,Marín Gómez
5765,Irene,Medina Lozano
5766,Elena,Guerrero Pérez
5767,Diego,Morales Torres
5768,Daniela,Calvo Muñoz
5769,Julia,Ortiz Hernández
5770,Álvaro,Vázquez Cano
5771,Elena,Martín Guerrero
5772,Diego,Vázquez Torres
5773,Alba,Muñoz Rodríguez
5774,Alba,Álvarez Molina
5775,Adriana,Pérez Martín
5776,Elena,Morales Muñoz
5777,Javier,Fernández Cano
5778,Daniela,Rubio Álvarez
5779,Álvaro,Méndez Jiménez
5780,Elena,López Blanco
5781,Marta,Gutiérrez Navarro
5782,Carmen,Gómez Ortiz
5783,Sofía,Ramos Molina
5784,Marcos,Fernández Rodríguez
5785,Sara,Martín González
5786,Antonio,Lozano Ortega
5787,Alba,Fernández Morales
5788,Eva,Hernández Medina
5789,Daniel,Alonso Morales
5790,Marta,Rodríguez González
5791,Claudia,Moreno Méndez
5792,Irene,García Moreno
5793,Eva,Ortega Blanco
5794,Álvaro,Prieto Castro
5795,Julia,Álvarez Torres
5796,Javier,Pérez Santos
5797,Pablo,Santos Torres
5798,Irene,Martínez Medina
5799,Nuria,Gil Prieto
5800,Nuria,Prieto Medina
5801,Paula,Moreno Suárez
5802,Nicolás,Martínez Ortiz
5803,Lucía,Castillo Torres
5804,Álvaro,Muñoz Guerrero
5805,Sara,Vázquez Gil
5806,Marcos,Prieto López
5807,Daniela,Domínguez Gómez
5808,Álvaro,Ruiz Domínguez
5809,Miguel,Hernández Iglesias
5810,Álvaro,Rubio Gutiérrez
5811,Hugo,Moreno Cortés
5812,Jorge,Ramos Méndez
5813,Rubén,Ortega Vázquez
5814,Sofía,Gómez Rubio
5815,Óscar,Martínez Suárez
5816,Álvaro,Martín Díaz
5817,Lucía,Torres Santos
5818,Sergio,Gutiérrez Cruz
5819,Daniel,Serrano Delgado
5820,Andrea,Blanco Molina
5821,David,Navarro Alonso
5822,Marta,Serrano Alonso
5823,Eva,Navarro Ortiz
5824,Daniela,Moreno González
5825,Julia,Medina Pérez
5826,Sofía,Muñoz González
5827,Alejandro,Romero Guerrero
5828,David,Martín Vázquez
5829,Paula,Delgado Romero
5830,Alejandro,Romero Castillo
5831,Elena,Cortés Suárez
5832,Adriana,Ortiz Pérez
5833,Irene,Pérez Muñoz
5834,Diego,Hernández Sánchez
5835,Jorge,Sanz Ortega
5836,Nuria,Díaz Sánchez
5837,Diego,Santos Cortés
5838,Álvaro,López Rodríguez
5839,Raquel,Martínez Pérez
5840,Carmen,Molina Gil
5841,Raquel,Pérez Moreno
5842,Jorge,Cano Gómez
5843,María,Santos Ortega
5844,Daniel,Blanco Santos
5845,Marta,Marín Iglesias
5846,Manuel,Jiménez Jiménez
5847,Nuria,Blanco Suárez
5848,Elena,Rodríguez Fernández
5849,David,Fernández Alonso
5850,Lucía,Sanz Sánchez
5851,Laura,Lozano Castillo
5852,David,Blanco Domínguez
5853,Alba,Hernández Cruz
5854,Alejandro,Morales Molina
5855,Aitana,Ortiz Alonso
5856,Óscar,Lozano Sánchez
5857,Adrián,Calvo Cortés
5858,David,García Martínez
5859,Marta,Gutiérrez Cruz
5860,Andrea,Santos Lozano
5861,Diego,Moreno Rodríguez
5862,Iván,Sanz Marín
5863,Mario,Morales Romero
5864,Claudia,Ortiz Romero
5865,Óscar,Molina López
5866,Alejandro,Santos Alonso
5867,Nicolás,Morales Iglesias
5868,Óscar,Romero Torres
5869,Javier,Torres Méndez
5870,Laura,Ortiz Marín
5871,Claudia,Díaz Muñoz
5872,Sofía,Guerrero Moreno
5873,María,Castillo Guerrero
5874,Rubén,Suárez Martínez
5875,Alba,Medina Morales
5876,Sofía,Ortega Ortega
5877,Álvaro,López Cruz
5878,Miguel,Pérez Suárez
5879,Mario,González Delgado
5880,Claudia,Medina Molina
5881,Javier,Rubio Muñoz
5882,Elena,Ramos Ramos
5883,Jorge,Navarro Castro
5884,Aitana,Ramos Martínez
5885,Javier,Álvarez Vázquez
5886,Jorge,Navarro Guerrero
5887,Andrea,Domínguez Fernández
5888,Julia,Sanz Navarro
5889,Marcos,Gil Cortés
5890,Pablo,Santos Pérez
5891,Manuel,Lozano Ruiz
5892,Julia,Iglesias Serrano
5893,Eva,Rodríguez Martínez
5894,Manuel,Castillo Gil
5895,Daniel,Alonso Castro
5896,Pablo,Jiménez Gómez
5897,Diego,Díaz Hernández
5898,Mario,Romero Santos
5899,Sara,Suárez Castro
5900,Miguel,Díaz Blanco
5901,Paula,Muñoz Morales
5902,Álvaro,Alonso Ortega
5903,Rubén,Moreno Torres
5904,Marta,Ortiz Cruz
5905,Eva,Moreno Molina
5906,Aitana,Calvo Méndez
5907,Daniela,Sánchez Méndez
5908,Diego,Jiménez Santos
5909,Iván,Alonso Rubio
5910,Sergio,Morales Martín
5911,Daniela,Domínguez Hernández
5912,Alba,Serrano Navarro
5913,Raquel,Rodríguez Gil
5914,Sergio,Santos Gómez
5915,Julia,Muñoz Díaz
5916,Daniel,Moreno Ortega
5917,Eva,Ortega Romero
5918,Daniela,Gómez Sánchez
5919,Iván,Cruz Suárez
5920,David,Gil Medina
5921,Paula,Guerrero Marín
5922,Elena,Gil Guerrero
5923,Marta,Jiménez Romero
5924,David,Fernández Lozano
5925,Nuria,González Iglesias
5926,David,Iglesias Castro
5927,Jorge,García Calvo
5928,Alejandro,Marín Méndez
5929,Alba,Ortiz Pérez
5930,Hugo,Pérez Calvo
5931,María,López Sánchez
5932,Marcos,Santos Blanco
5933,Adriana,Gómez Ortiz
5934,Daniela,Martínez Pérez
5935,Rubén,Cortés Ruiz
5936,Julia,Muñoz Iglesias
5937,Eva,Muñoz Vázquez
5938,Alba,Muñoz López
5939,Irene,Cruz Castro
5940,Aitana,Cortés Prieto
5941,Óscar,González Vázquez
5942,Marta,Castillo Hernández
5943,Laura,Navarro Fernández
5944,Nicolás,Jiménez Ortiz
5945,Nuria,Gutiérrez Gutiérrez
5946,Antonio,González Cano
5947,Sofía,Suárez Iglesias
5948,Aitana,Torres Lozano
5949,Álvaro,Serrano Domínguez
5950,Raquel,Rubio Iglesias
5951,Alba,Blanco Pérez
5952,Julia,Prieto Marín
5953,Pablo,Iglesias Martínez
5954,María,Martínez Hernández
5955,Alba,Moreno Alonso
5956,Marta,Blanco Santos
5957,Marta,Moreno Calvo
5958,Eva,Serrano Blanco
5959,Alejandro,Sanz Sánchez
5960,Claudia,Álvarez Serrano
5961,María,Blanco Delgado
5962,Irene,Castillo Torres
5963,Nicolás,Sanz Suárez
5964,Nicolás,Rubio López
5965,Javier,Guerrero Martínez
5966,Rubén,Santos Muñoz
5967,Elena,Castillo Domínguez
5968,Nuria,Díaz Suárez
5969,Alejandro,Cano Vázquez
5970,Pablo,Gil Molina
5971,Elena,Fernández Romero
5972,Carmen,Serrano Rodríguez
5973,Álvaro,Guerrero Moreno
5974,Alba,Vázquez Ramos
5975,Nicolás,Lozano Jiménez
5976,Laura,Medina Prieto
5977,Sofía,Navarro Díaz
5978,Antonio,Castro Prieto
5979,Manuel,Navarro Gutiérrez
5980,Eva,Molina Suárez
5981,Mario,Moreno Martínez
5982,Sergio,López Rodríguez
5983,Marcos,Sánchez Navarro
5984,Mario,Medina Navarro
5985,Pablo,García Martín
5986,Iván,Martín Cano
5987,Hugo,Ruiz Gómez
5988,Sofía,Cano Hernández
5989,Laura,Díaz García
5990,David,Ramos Molina
5991,Diego,Sánchez Cruz
5992,Adrián,González Martín
5993,Marta,Martínez Jiménez
5994,Óscar,Medina Rodríguez
5995,Marta,Martínez Ortega
5996,Miguel,Ortega Cruz
5997,María,Delgado Rubio
5998,Claudia,Rodríguez Castillo
5999,Paula,Castro Vázquez
6000,Daniel,Méndez Romero
6001,Lucía,Morales Alonso
6002,Nuria,Blanco Vázquez
6003,Adrián,Álvarez Hernández
6004,Daniela,Moreno Ramos
6005,Laura,Prieto Ortega
6006,Adriana,Iglesias González
6007,Marta,Torres Martínez
6008,Daniela,Cortés Medina
6009,Raquel,Pérez Ruiz
6010,Raquel,Pérez Muñoz
6011,Manuel,Sanz Blanco
6012,Raquel,Martínez Morales
6013,Jorge,Gutiérrez Romero
6014,Elena,Sánchez Alonso
6015,Iván,Pérez Suárez
6016,Óscar,Rodríguez Santos
6017,David,Navarro Gómez
6018,Laura,Muñoz Pérez
6019,Óscar,Torres Ortega
6020,Nuria,Rubio Medina
6021,Jorge,Vázquez Blanco
6022,Lucía,Hernández Santos
6023,Alejandro,Prieto Fernández
6024,Rubén,Serrano Cortés
6025,Sergio,Fernández Jiménez
6026,Laura,García Torres
6027,Javier,Guerrero Vázquez
6028,Diego,Moreno Domínguez
6029,Lucía,Hernández Guerrero
6030,Alejandro,Delgado Sánchez
6031,Marta,Gil Sánchez
6032,Andrea,Méndez Navarro
6033,Antonio,Gómez Hernández
6034,Andrea,Serrano Romero
6035,María,Castillo Lozano
6036,Raquel,Cano Gómez
6037,Alejandro,Serrano Romero
6038,Antonio,Domínguez Fernández
6039,Álvaro,Martín García
6040,Andrea,Navarro Romero
6041,Carmen,Romero Iglesias
6042,Jorge,Martínez Iglesias
6043,Álvaro,Prieto Domínguez
6044,Aitana,Suárez Gutiérrez
6045,Hugo,Hernández Álvarez
6046,Andrea,Torres Gómez
6047,Julia,Jiménez Marín
6048,Marcos,Sanz Calvo
6049,Rubén,Martín Marín
6050,Miguel,Gil Calvo
6051,David,Pérez Serrano
6052,David,Muñoz Álvarez
6053,Hugo,Molina Blanco
6054,Miguel,Blanco Gómez
6055,María,Marín López
6056,Elena,Cano Suárez
6057,David,Méndez Santos
6058,Claudia,Guerrero Muñoz
6059,David,Rubio Martín
6060,Adrián,Domínguez Pérez
6061,María,Ortiz Sanz
6062,Daniela,Suárez Rodríguez
6063,Sara,Álvarez Hernández
6064,Rubén,Iglesias Navarro
6065,Iván,Cruz Suárez
6066,Adriana,Marín Santos
6067,Aitana,Ramos Rodríguez
6068,Daniel,Ortiz Domínguez
6069,Adriana,Hernández Moreno
6070,Jorge,Cortés Suárez
6071,Javier,Santos Cruz
6072,Diego,López Ortega
6073,Marcos,Jiménez Iglesias
6074,Álvaro,Ramos Cano
6075,Alba,Delgado Santos
6076,Sofía,Sanz Vázquez
6077,Daniel,Medina Gil
6078,Manuel,González Pérez
6079,Javier,Jiménez Prieto
6080,Pablo,Cruz Gil
6081,Adrián,Navarro Moreno
6082,Iván,Martínez Serrano
6083,Sara,Molina Moreno
6084,Miguel,Cortés Jiménez
6085,Álvaro,Castro García
6086,Elena,Prieto García
6087,Pablo,Sánchez Alonso
6088,Sara,Alonso Guerrero
6089,Elena,Gil Delgado
6090,Aitana,Ortiz López
6091,Daniel,Sánchez Pérez
6092,María,Gómez Méndez
6093,Rubén,Ortega Muñoz
6094,Lucía,Iglesias Morales
6095,Paula,Cruz Alonso
6096,Irene,Muñoz Torres
6097,Marta,Ruiz Guerrero
6098,Raquel,Iglesias Torres
6099,Manuel,Fernández Ortega
6100,Sergio,Gutiérrez Pérez
6101,Raquel,Moreno Álvarez
6102,Javier,Martínez Rubio
6103,Paula,Romero Hernández
6104,Óscar,Jiménez Álvarez
6105,Andrea,Serrano Vázquez
6106,Diego,Castro Guerrero
6107,Alba,Navarro Ortega
6108,Adrián,Hernández Santos
6109,Raquel,Méndez González
6110,Sergio,Muñoz Santos
6111,Nuria,Blanco Cano
6112,Marcos,González Lozano
6113,Diego,Cano Cano
6114,Alejandro,López Alonso
6115,Sergio,Hernández Méndez
6116,Julia,López Molina
6117,Álvaro,Martínez Castillo
6118,Iván,Sánchez Iglesias
6119,Antonio,Iglesias Ortiz
6120,Claudia,López Vázquez
6121,Adrián,Moreno Castro
6122,Lucía,Ortiz Iglesias
6123,Adriana,Rubio Sanz
6124,Daniel,Blanco Rubio
6125,Sara,Domínguez Fernández
6126,Hugo,Moreno Lozano
6127,Alejandro,Torres González
6128,Daniel,Díaz Álvarez
6129,Carmen,Álvarez López
6130,David,Ramos Moreno
6131,Marcos,Delgado Delgado
6132,Eva,Castillo Torres
6133,Nuria,Iglesias Méndez
6134,Claudia,Medina Castillo
6135,Elena,Díaz Iglesias
6136,Pablo,Marín Gil
6137,Óscar,Vázquez Castillo
6138,Hugo,Gómez Sanz
6139,María,Torres Ruiz
6140,Óscar,Prieto Álvarez
6141,Hugo,Marín Ortiz
6142,Daniel,Díaz Ortega
6143,Iván,Cruz Castillo
6144,Antonio,Ruiz Pérez
6145,Paula,Santos Hernández
6146,Irene,Martínez Iglesias
6147,María,Navarro Sanz
6148,Rubén,Iglesias Álvarez
6149,Alejandro,Calvo Castillo
6150,David,Prieto Marín
6151,Alejandro,Sanz Morales
6152,Álvaro,Gutiérrez Díaz
6153,Daniel,Fernández Serrano
6154,Sofía,Romero García
6155,Álvaro,García Muñoz
6156,Rubén,Calvo Méndez
6157,María,Jiménez Sánchez
6158,Carmen,Delgado Navarro
6159,Aitana,Jiménez Romero
6160,Aitana,Martín Sanz
6161,Carmen,Martín Cortés
6162,Manuel,Méndez Jiménez
6163,Claudia,Cruz Torres
6164,Miguel,Serrano Méndez
6165,Julia,González Rodríguez
6166,Manuel,Rubio Castro
6167,Sofía,Rodríguez Rodríguez
6168,Álvaro,Suárez Torres
6169,Elena,Rodríguez Guerrero
6170,Marcos,Pérez Suárez
6171,Mario,Gómez Serrano
6172,Nicolás,Ortega Rubio
6173,Raquel,Díaz Ortiz
6174,Miguel,Santos Gómez
6175,Miguel,Morales López
6176,Adriana,Muñoz Martín
6177,Marta,Gómez Fernández
6178,David,Pérez Cortés
6179,Alba,Méndez Martín
6180,Álvaro,Prieto Pérez
6181,Raquel,Fernández Pérez
6182,María,Molina Domínguez
6183,Paula,Delgado Muñoz
6184,María,Sánchez Marín
6185,Elena,Cruz Sanz
6186,Daniel,Iglesias Medina
6187,Adriana,González Castro
6188,Sofía,Prieto Díaz
6189,Pablo,Domínguez Gómez
6190,Mario,Muñoz Guerrero
6191,Daniela,Fernández Sánchez
6192,Daniel,Guerrero Domínguez
6193,Adrián,Gil Blanco
6194,Aitana,Rodríguez Gil
6195,Marta,Rubio Méndez
6196,María,Méndez Jiménez
6197,Diego,Álvarez Romero
6198,Andrea,Sánchez Martínez
6199,Eva,Martínez Méndez
6200,Adriana,Torres Jiménez
6201,Lucía,Sanz Domínguez
6202,Lucía,Domínguez Medina
6203,Andrea,Cortés García
6204,Javier,Lozano Moreno
6205,Irene,Calvo Sanz
6206,Nicolás,Rubio Hernández
6207,Raquel,Ortega López
6208,Pablo,García González
6209,Aitana,Iglesias Iglesias
6210,Álvaro,García Ramos
6211,Carmen,Prieto Jiménez
6212,María,Sánchez García
6213,Raquel,Hernández Castro
6214,Paula,Cruz Ortega
6215,Alejandro,Cano Alonso
6216,Laura,López Santos
6217,Sara,Muñoz Cano
6218,Elena,Hernández Morales
6219,Sara,Díaz Méndez
6220,Carmen,Gil Álvarez
6221,Lucía,Navarro Morales
6222,Rubén,Domínguez Gómez
6223,Sofía,Prieto Cruz
6224,Julia,Gutiérrez Méndez
6225,Álvaro,Medina Cruz
6226,Alejandro,Navarro Cortés
6227,Álvaro,Martín Ortega
6228,Sara,Díaz García
6229,Aitana,Moreno Alonso
6230,Irene,Moreno Cruz
6231,Lucía,Prieto Medina
6232,Nicolás,Álvarez Sanz
6233,Antonio,Jiménez González
6234,Mario,Álvarez Cano
6235,Laura,Ortiz Pérez
6236,Sergio,Lozano Serrano
6237,Marcos,Morales Sánchez
6238,María,García Molina
6239,Miguel,García Molina
6240,Daniel,Molina Martínez
6241,Elena,Gómez Rubio
6242,Nicolás,Hernández Gómez
6243,Adriana,Calvo Méndez
6244,Julia,Domínguez Sánchez
6245,Jorge,Moreno Rodríguez
6246,Óscar,Rodríguez Marín
6247,Rubén,Suárez Cano
6248,Paula,Martín Fernández
6249,Pablo,Gil Sánchez
6250,Adriana,García Serrano
6251,Paula,Cano Blanco
6252,Nuria,Méndez Martínez
6253,Mario,Jiménez García
6254,Alba,García Álvarez
6255,Adrián,Ortega Domínguez
6256,Mario,Santos Sánchez
6257,Hugo,Serrano Marín
6258,Elena,Ramos Cano
6259,Daniel,Ortega Delgado
6260,Pablo,Díaz Gutiérrez
6261,Álvaro,Cruz Cano
6262,Lucía,Pérez Gómez
6263,Claudia,Gutiérrez Martínez
6264,Lucía,Morales Fernández
6265,Adriana,Medina Cruz
6266,Paula,Santos Morales
6267,Irene,Romero Cano
6268,Hugo,Delgado Ortiz
6269,Sofía,Torres Santos
6270,Raquel,Domínguez Marín
6271,Manuel,Ortega Medina
6272,Mario,Molina Morales
6273,Diego,Navarro Pérez
6274,Antonio,Calvo Lozano
6275,Adrián,Calvo González
6276,Manuel,Torres González
6277,Nuria,Santos Ruiz
6278,Sofía,Domínguez Rubio
6279,Manuel,Navarro Navarro
6280,David,Rubio Torres
6281,Antonio,Gil Serrano
6282,Nicolás,Serrano Martín
6283,Irene,Medina Medina
6284,Marcos,González Álvarez
6285,Hugo,Martín Moreno
6286,Daniel,Hernández Medina
6287,Marta,Martín Alonso
6288,Miguel,Díaz Gómez
6289,Alba,Romero Muñoz
6290,Julia,Navarro Cruz
6291,Manuel,Méndez Rubio
6292,Miguel,Cruz Jiménez
6293,Andrea,Hernández Gómez
6294,Eva,López Sanz
6295,Marta,Hernández Romero
6296,Rubén,Ortiz Ramos
6297,Paula,Rubio Delgado
6298,Miguel,Blanco Moreno
6299,Laura,Álvarez Castillo
6300,Manuel,Molina Marín
6301,Óscar,Pérez Marín
6302,Iván,Fernández Gutiérrez
6303,Óscar,Ramos Fernández
6304,Miguel,Delgado Santos
6305,Julia,Díaz Martín
6306,Álvaro,Álvarez Ruiz
6307,Paula,Ortega Cano
6308,Irene,Ortiz Romero
6309,Manuel,Méndez González
6310,Carmen,Pérez Hernández
6311,Aitana,Cruz Gutiérrez
6312,Andrea,Rodríguez Iglesias
6313,Aitana,Marín Morales
6314,Miguel,Gómez Suárez
6315,Sara,Navarro Marín
6316,Marta,Iglesias Martín
6317,Hugo,Rubio Ruiz
6318,David,González Álvarez
6319,Alba,Martín Molina
6320,Raquel,Méndez Ortiz
6321,Andrea,Delgado Romero
6322,Javier,Marín Rodríguez
6323,Adriana,Martínez Méndez
6324,Carmen,Calvo Méndez
6325,Adriana,Fernández Cano
6326,Óscar,Vázquez Guerrero
6327,Mario,Hernández Medina
6328,Jorge,Medina Hernández
6329,Rubén,Cano García
6330,Óscar,Gil Marín
6331,Elena,Suárez Medina
6332,Lucía,Jiménez Moreno
6333,Álvaro,Alonso Pérez
6334,Hugo,Rodríguez Lozano
6335,Irene,Iglesias Cano
6336,Antonio,Cortés Gil
6337,Paula,Moreno Álvarez
6338,Marcos,Gil García
6339,Adriana,Romero Rodríguez
6340,Alejandro,García Calvo
6341,Elena,Rodríguez Ortiz
6342,Iván,Pérez Prieto
6343,Iván,Hernández Rodríguez
6344,Rubén,Santos Alonso
6345,Adriana,Castillo Prieto
6346,María,Molina Suárez
6347,Marta,Rodríguez Sanz
6348,Álvaro,Castro Morales
6349,Miguel,Fernández Iglesias
6350,Diego,Ruiz García
6351,Carmen,Jiménez Guerrero
6352,Lucía,Lozano Santos
6353,Carmen,Ruiz Cruz
6354,Raquel,Cortés Rodríguez
6355,Óscar,Morales López
6356,Irene,Rodríguez Suárez
6357,Aitana,Rubio Muñoz
6358,Manuel,Rubio Delgado
6359,Manuel,Serrano Álvarez
6360,Julia,Cruz Lozano
6361,Miguel,Ramos Ruiz
6362,Carmen,Romero Hernández
6363,Aitana,Cortés Álvarez
6364,Irene,Sanz Rodríguez
6365,Óscar,Cruz Hernández
6366,Lucía,Díaz Gómez
6367,Rubén,Guerrero Torres
6368,Sara,Gil López
6369,Laura,García Martín
6370,María,Gil Marín
6371,Pablo,Ortiz Cruz
6372,Álvaro,Domínguez Molina
6373,Eva,Alonso Hernández
6374,Daniel,Serrano Gutiérrez
6375,Rubén,Calvo Ruiz
6376,Nuria,Prieto Gómez
6377,Marta,Lozano Martínez
6378,Aitana,Castillo Santos
6379,Antonio,Navarro González
6380,Diego,Cruz Rodríguez
6381,Claudia,Gómez Méndez
6382,Marcos,Sánchez Alonso
6383,Daniel,García Delgado
6384,Javier,Rubio Serrano
6385,Julia,Cano González
6386,Óscar,Iglesias Torres
6387,Andrea,Delgado Martín
6388,Lucía,Rubio Gómez
6389,Pablo,Martínez Jiménez
6390,Aitana,Álvarez Muñoz
6391,Paula,Martín Ruiz
6392,Lucía,Rubio Marín
6393,Laura,Fernández Rubio
6394,Adrián,Rodríguez Álvarez
6395,Nuria,Castro López
6396,Sergio,Gil Méndez
6397,Daniela,Martín Méndez
6398,Claudia,Rubio Muñoz
6399,Jorge,Ortega Navarro
6400,Elena,Pérez Muñoz
6401,Sergio,Delgado Calvo
6402,Claudia,Ortiz Alonso
6403,Claudia,Moreno Romero
6404,Hugo,Cortés Morales
6405,Aitana,Morales Molina
6406,Diego,Vázquez Ruiz
6407,Antonio,Díaz Calvo
6408,Nicolás,Calvo Ruiz
6409,Claudia,Méndez Cano
6410,Sara,Delgado Delgado
6411,Sara,Moreno Pérez
6412,Daniela,Santos Navarro
6413,María,Santos Gil
6414,Eva,Santos Delgado
6415,Rubén,Alonso Molina
6416,Álvaro,Lozano Navarro
6417,Irene,Gil Martín
6418,Pablo,González Molina
6419,Iván,Cortés Rubio
6420,Diego,Díaz Ramos
6421,Manuel,Navarro Martínez
6422,Lucía,Vázquez Suárez
6423,Elena,Ruiz Domínguez
6424,Sofía,Ortiz Castro
6425,Raquel,Calvo Rodríguez
6426,Pablo,Jiménez Domínguez
6427,Sergio,Sanz Navarro
6428,Marta,Martín Delgado
6429,Sofía,Romero Sánchez
6430,Hugo,Sanz Ruiz
6431,Raquel,Romero Rodríguez
6432,Aitana,Álvarez Rodríguez
6433,Miguel,Iglesias Morales
6434,Nuria,García Romero
6435,Daniela,Domínguez González
6436,Rubén,Muñoz Guerrero
6437,Jorge,Domínguez Díaz
6438,Nicolás,Medina Santos
6439,Óscar,Medina Navarro
6440,Hugo,Díaz Domínguez
6441,Adriana,Marín Suárez
6442,Miguel,Sánchez García
6443,Daniel,Rodríguez Rubio
6444,Miguel,Gil Molina
6445,Marta,Morales García
6446,Eva,Martínez Jiménez
6447,Irene,Cruz Sanz
6448,María,Castillo Delgado
6449,Alejandro,Romero Ruiz
6450,Manuel,Gutiérrez Álvarez
6451,Miguel,Martínez Álvarez
6452,Daniel,González Calvo
6453,Daniel,Jiménez Morales
6454,Paula,Prieto Rubio
6455,Hugo,Medina Cruz
6456,Mario,Gutiérrez Santos
6457,Adriana,Marín Sanz
6458,Andrea,Gómez Morales
6459,Claudia,Fernández Alonso
6460,Hugo,Díaz Prieto
6461,Sara,Álvarez López
6462,Lucía,Rodríguez Cortés
6463,Mario,Sanz Ruiz
6464,Jorge,Pérez Gil
6465,Paula,Vázquez Suárez
6466,Jorge,Ortega Gil
6467,Elena,Moreno Morales
6468,María,Rubio Cortés
6469,Irene,Álvarez Castro
6470,Raquel,López Santos
6471,Carmen,Torres Marín
6472,Alejandro,Gil Iglesias
6473,Alba,Moreno Muñoz
6474,Jorge,Moreno Rubio
6475,Alejandro,Cortés Alonso
6476,Pablo,Delgado Lozano
6477,María,Gómez Calvo
6478,Irene,Ortiz Navarro
6479,Sara,Jiménez Ruiz
6480,Irene,Navarro Morales
6481,Miguel,Marín Molina
6482,Marcos,Navarro Iglesias
6483,Alejandro,Domínguez Álvarez
6484,Miguel,Jiménez Hernández
6485,Laura,Ortiz Ortega
6486,Laura,Delgado Molina
6487,Claudia,Jiménez Gómez
6488,David,Lozano Díaz
6489,Andrea,Prieto Martín
6490,Sergio,Iglesias Lozano
6491,Irene,Ortega Rubio
6492,Alejandro,Martín Prieto
6493,Álvaro,Cano Romero
6494,Laura,González Martín
6495,María,Delgado Ruiz
6496,María,Torres Pérez
6497,David,Pérez Díaz
6498,Lucía,Gómez Ortega
6499,Sergio,Delgado Molina
6500,Irene,Prieto García
6501,Raquel,Marín Díaz
6502,Diego,Muñoz Calvo
6503,Diego,Alonso Alonso
6504,Nicolás,Navarro Gutiérrez
6505,María,Álvarez Gómez
6506,Antonio,Castillo Medina
6507,David,Molina Navarro
6508,Alba,Calvo Álvarez
6509,Elena,Martínez Castro
6510,Andrea,Moreno Vázquez
6511,Irene,Delgado Delgado
6512,Sofía,Jiménez Guerrero
6513,María,Castro Morales
6514,Rubén,Iglesias Gil
6515,Sergio,Torres Calvo
6516,Álvaro,Rodríguez Martínez
6517,Paula,Domínguez Muñoz
6518,Alba,Vázquez Martínez
6519,María,Sánchez Castillo
6520,Claudia,Jiménez Navarro
6521,Nuria,Méndez Iglesias
6522,Carmen,Ortiz Díaz
6523,Elena,Ruiz Lozano
6524,Sofía,Ruiz Torres
6525,María,Domínguez Jiménez
6526,Aitana,Ortega Morales
6527,Diego,Vázquez Vázquez
6528,Paula,Cruz Castro
6529,David,Ortiz Lozano
6530,Paula,Alonso Santos
6531,Elena,Medina Vázquez
6532,Miguel,Martínez Moreno
6533,Alba,Vázquez Méndez
6534,Irene,Romero Sánchez
6535,Lucía,Romero García
6536,Antonio,Marín Vázquez
6537,Miguel,Cortés Prieto
6538,Hugo,Ortiz Torres
6539,Nuria,Rodríguez Medina
6540,Nuria,Hernández González
6541,Mario,Domínguez Iglesias
6542,Nuria,López Suárez
6543,Irene,Delgado Castro
6544,Pablo,Ramos Ramos
6545,Alejandro,Alonso Díaz
6546,Hugo,Lozano Marín
6547,Andrea,Fernández Hernández
6548,Raquel,Gil Fernández
6549,Adrián,Ruiz Cruz
6550,Diego,Delgado Cruz
6551,Paula,Santos Ortega
6552,Eva,Moreno Torres
6553,Eva,Ortiz Díaz
6554,Eva,Jiménez Martínez
6555,Claudia,Cruz Marín
6556,Óscar,Prieto Cruz
6557,Alba,Calvo Gómez
6558,Jorge,Delgado Medina
6559,Eva,Serrano Cano
6560,Rubén,Guerrero Pérez
6561,Paula,Gutiérrez Lozano
6562,Javier,Ruiz Torres
6563,Nuria,Álvarez Ortega
6564,Alba,Suárez Cortés
6565,Hugo,Méndez Díaz
6566,Daniel,Rubio Ruiz
6567,Hugo,López Castro
6568,Óscar,Serrano Méndez
6569,Javier,Cortés Méndez
6570,Daniel,Iglesias Iglesias
6571,Hugo,Ortiz Prieto
6572,Mario,Pérez López
6573,Irene,Fernández Ruiz
6574,María,Molina Domínguez
6575,Sara,Navarro Ortiz
6576,Iván,Medina Jiménez
6577,María,Fernández García
6578,Javier,Delgado Cortés
6579,Paula,Santos Hernández
6580,Daniel,Rodríguez Rubio
6581,Alba,Sanz Gómez
6582,Raquel,Ruiz Muñoz
6583,Daniel,García Domínguez
6584,Antonio,Pérez Molina
6585,Lucía,Iglesias Ramos
6586,Miguel,Martín Cruz
6587,Daniela,Iglesias Gómez
6588,Marta,Cano Sanz
6589,Jorge,Navarro Gómez
6590,María,Martínez Lozano
6591,Laura,Lozano Guerrero
6592,Pablo,Castillo Moreno
6593,Manuel,Alonso Vázquez
6594,Elena,Méndez Domínguez
6595,Adriana,González Ortega
6596,Adrián,Martínez Santos
6597,David,Pérez Marín
6598,Daniel,Martín Moreno
6599,Miguel,García Domínguez
6600,Iván,Ruiz Castro
6601,Marta,Lozano Pérez
6602,Adrián,Marín Rubio
6603,Laura,Jiménez Gómez
6604,Óscar,Ortiz Martín
6605,Lucía,Vázquez Gil
6606,Miguel,Cruz González
6607,Aitana,Ortiz Ruiz
6608,Nicolás,Prieto Hernández
6609,Marcos,Álvarez Morales
6610,Aitana,Moreno Torres
6611,Manuel,Ortiz Cano
6612,Mario,Ramos Méndez
6613,Marta,Delgado Sanz
6614,Rubén,Serrano Castro
6615,Adriana,Castillo Sanz
6616,Carmen,Delgado Moreno
6617,Laura,Guerrero Blanco
6618,Raquel,Jiménez Cortés
6619,Daniela,Martínez Calvo
6620,Manuel,Gómez Navarro
6621,Nicolás,Blanco Martínez
6622,Andrea,Ramos Prieto
6623,Óscar,Alonso Cortés
6624,Nuria,Marín Romero
6625,Javier,González Alonso
6626,Daniela,Cruz Calvo
6627,Julia,Rubio Ortiz
6628,Iván,Romero Sánchez
6629,Alejandro,Castillo Santos
6630,Nicolás,Muñoz Ruiz
6631,Iván,Méndez Gutiérrez
6632,Elena,Romero Sanz
6633,Manuel,Gutiérrez Muñoz
6634,Iván,Medina Martínez
6635,Claudia,Castillo Castillo
6636,Rubén,Torres Méndez
6637,Álvaro,Romero Sanz
6638,Miguel,Delgado Méndez
6639,Diego,Moreno Sanz
6640,Julia,Muñoz Calvo
6641,Marta,Medina Castillo
6642,Nuria,Medina García
6643,Antonio,Rubio Domínguez
6644,David,Lozano Castro
6645,Daniel,Muñoz García
6646,Adriana,Pérez Hernández
6647,Hugo,Jiménez García
6648,Mario,Ramos Pérez
6649,Alba,Calvo Pérez
6650,Sara,Rubio Medina
6651,Álvaro,Méndez Ortiz
6652,Sofía,González Suárez
6653,Andrea,Delgado Navarro
6654,David,Serrano Lozano
6655,Álvaro,González Iglesias
6656,Antonio,Cano Delgado
6657,Antonio,Serrano Ortega
6658,Carmen,Rubio Sanz
6659,Sofía,Calvo Alonso
6660,Raquel,Gutiérrez Cano
6661,María,Rodríguez Hernández
6662,Adriana,Álvarez Morales
6663,Eva,Cortés Romero
6664,Paula,Martín Prieto
6665,Elena,Gómez Calvo
6666,Iván,Pérez Rubio
6667,Jorge,Sánchez Gil
6668,Óscar,Castro Guerrero
6669,Sara,Sánchez Sánchez
6670,Laura,Castro Torres
6671,Alejandro,Gutiérrez Muñoz
6672,Daniela,Molina Pérez
6673,Andrea,Ramos Ramos
6674,Eva,Alonso Alonso
6675,Sara,Sánchez Cruz
6676,María,Blanco Navarro
6677,Nicolás,Cano Sanz
6678,Rubén,Castillo Medina
6679,Raquel,Cano Iglesias
6680,Aitana,Delgado Rodríguez
6681,Sergio,Morales Gutiérrez
6682,Eva,Cortés Jiménez
6683,Marcos,Ruiz Castillo
6684,Manuel,Iglesias Calvo
6685,Rubén,Méndez Ramos
6686,Adriana,Marín Álvarez
6687,Miguel,Vázquez Hernández
6688,Sofía,Sanz Gil
6689,Álvaro,González Ortega
6690,María,González Calvo
6691,Marta,Gómez Guerrero
6692,Claudia,Gil Ruiz
6693,Nuria,Álvarez Sánchez
6694,Irene,Guerrero Cruz
6695,Andrea,Navarro Romero
6696,David,Calvo Rodríguez
6697,Daniel,Ramos Rodríguez
6698,Raquel,Serrano Ramos
6699,Carmen,Domínguez Martínez
6700,Mario,Vázquez Castro
6701,Irene,Morales Serrano
6702,Raquel,Ortega Ramos
6703,Alba,Álvarez Domínguez
6704,Nicolás,Muñoz Molina
6705,Nuria,Ramos Morales
6706,Pablo,López Guerrero
6707,Sergio,Moreno Castro
6708,Diego,Ramos Iglesias
6709,María,Serrano Romero
6710,Elena,González Moreno
6711,Pablo,Molina Vázquez
6712,Javier,López Suárez
6713,Irene,Calvo García
6714,María,Ortiz Gil
6715,Hugo,Vázquez Gómez
6716,Lucía,Prieto Romero
6717,Diego,Blanco Vázquez
6718,Alba,Cano Jiménez
6719,Álvaro,González Cortés
6720,Laura,González González
6721,Jorge,Calvo Serrano
6722,Javier,Sanz Cano
6723,Lucía,Castro Lozano
6724,Adriana,Ortega Martín
6725,Daniela,González Gil
6726,Raquel,Cortés Cruz
6727,Sara,Hernández Torres
6728,Claudia,Díaz Castro
6729,Marcos,Rubio Hernández
6730,Alba,Iglesias Cruz
6731,Miguel,García Moreno
6732,Sergio,Cortés Gómez
6733,Marta,Álvarez Cortés
6734,Daniela,Méndez Méndez
6735,Álvaro,Sanz Fernández
6736,Javier,Navarro González
6737,Manuel,Alonso Castro
6738,Miguel,Serrano Marín
6739,Sara,Sánchez Ortiz
6740,David,Delgado García
6741,Lucía,Romero Serrano
6742,Adriana,Alonso Suárez
6743,Diego,Rodríguez Gómez
6744,Alba,Sánchez Jiménez
6745,Irene,Calvo García
6746,Marcos,Marín Molina
6747,Álvaro,Suárez Fernández
6748,Óscar,Torres Gómez
6749,Diego,García Castillo
6750,Alejandro,Martínez Rubio
6751,Antonio,Álvarez Hernández
6752,Daniela,Cortés Guerrero
6753,Elena,Fernández Díaz
6754,Daniela,Sánchez López
6755,Daniel,Gutiérrez Romero
6756,Irene,Gil Rubio
6757,Diego,Hernández Guerrero
6758,Carmen,Santos Ruiz
6759,Rubén,Iglesias Romero
6760,Nicolás,Morales Prieto
6761,Julia,Díaz Ortiz
6762,Raquel,Iglesias Cano
6763,Óscar,Molina López
6764,Sofía,Fernández Medina
6765,Daniela,Suárez Medina
6766,David,Ramos Medina
6767,Álvaro,Díaz Moreno
6768,Miguel,Domínguez Delgado
6769,Alba,Hernández Castro
6770,Nuria,Domínguez Prieto
6771,Adriana,Rodríguez Prieto
6772,Hugo,Delgado Domínguez
6773,Óscar,García Pérez
6774,Antonio,Ortega Domínguez
6775,Marcos,López Ortega
6776,Nuria,Alonso Méndez
6777,Sofía,Moreno Castro
6778,Sergio,Cano Jiménez
6779,Mario,Hernández García
6780,Elena,Jiménez Cortés
6781,Alejandro,Torres Molina
6782,David,Romero Santos
6783,Daniela,Domínguez Jiménez
6784,Óscar,López Cortés
6785,Lucía,Suárez Iglesias
6786,Pablo,Gutiérrez Morales
6787,Rubén,Molina González
6788,Carmen,García Martín
6789,Hugo,García Gil
6790,Irene,Martín Navarro
6791,Miguel,Moreno Moreno
6792,Mario,Morales González
6793,Hugo,Vázquez Serrano
6794,Pablo,Gutiérrez Díaz
6795,Pablo,Calvo Cortés
6796,Lucía,Navarro Serrano
6797,Diego,Gutiérrez Álvarez
6798,Jorge,González Sanz
6799,Eva,Cano Suárez
6800,Manuel,Sánchez Martín
6801,Mario,Delgado Fernández
6802,Sergio,Ortiz Delgado
6803,Alba,Molina Cruz
6804,Andrea,Ortega Gómez
6805,Raquel,Castillo Suárez
6806,Andrea,Blanco Ortega
6807,Hugo,Morales López
6808,Sofía,Alonso Moreno
6809,Sofía,Castro Martín
6810,Miguel,Cano Méndez
6811,Nicolás,Fernández Gómez
6812,Alejandro,Romero Méndez
6813,Claudia,Ortega Gómez
6814,Paula,Alonso Martínez
6815,Manuel,Méndez Vázquez
6816,Adriana,Gutiérrez Rodríguez
6817,Julia,Vázquez Rubio
6818,Daniel,Hernández Muñoz
6819,Elena,Iglesias Rubio
6820,Adrián,García Alonso
6821,David,Domínguez Martínez
6822,Julia,Castro Ramos
6823,Daniela,Rodríguez Romero
6824,Jorge,Jiménez Cortés
6825,Raquel,García Jiménez
6826,Daniel,Serrano Fernández
6827,Sofía,Muñoz Guerrero
6828,Marta,Gómez Blanco
6829,Eva,Lozano Torres
6830,Antonio,Prieto Pérez
6831,Elena,Castro García
6832,Antonio,Pérez Iglesias
6833,Rubén,Morales Morales
6834,Sergio,Romero Cano
6835,Hugo,Calvo Castro
6836,Adrián,Cano Morales
6837,Eva,Blanco Castillo
6838,Alejandro,Molina Torres
6839,Irene,Domínguez Molina
6840,Hugo,Prieto Sánchez
6841,Jorge,Cano Sánchez
6842,Daniel,López Prieto
6843,Óscar,Moreno Álvarez
6844,Aitana,Gómez Prieto
6845,Eva,García Ruiz
6846,Sofía,Méndez Ortega
6847,Adriana,Cortés Castro
6848,Daniela,Jiménez García
6849,Nicolás,González Alonso
6850,María,Santos Díaz
6851,Álvaro,Serrano Navarro
6852,Diego,Ortiz Ortega
6853,Irene,Iglesias Jiménez
6854,Elena,Medina Suárez
6855,Marcos,Santos Ortiz
6856,Sara,López Domínguez
6857,Alba,Sánchez Gil
6858,Raquel,Blanco Jiménez
6859,Diego,García Méndez
6860,Mario,Jiménez Hernández
6861,Andrea,Martín Sanz
6862,Aitana,Domínguez Rubio
6863,Adriana,Ortiz Navarro
6864,Rubén,Molina Suárez
6865,Adriana,Molina Domínguez
6866,Nuria,Medina Blanco
6867,Rubén,González Sanz
6868,Andrea,Ortega Delgado
6869,Nuria,Domínguez Morales
6870,Antonio,Rodríguez Castillo
6871,Marta,Serrano Hernández
6872,Eva,González Domínguez
6873,Eva,Fernández Morales
6874,Laura,López Lozano
6875,Aitana,Hernández García
6876,Julia,Díaz Fernández
6877,Rubén,Sanz Castro
6878,Manuel,Rodríguez Navarro
6879,Alejandro,Gómez Rodríguez
6880,David,Sanz Morales
6881,Rubén,Vázquez Martínez
6882,Manuel,Cano Ortega
6883,Alejandro,Díaz Ramos
6884,Hugo,Jiménez Díaz
6885,Miguel,Delgado Rodríguez
6886,Laura,Guerrero Blanco
6887,Rubén,Gutiérrez Navarro
6888,Álvaro,Blanco Molina
6889,Miguel,Gómez Medina
6890,Adriana,Martín Martínez
6891,Alejandro,Gutiérrez Martínez
6892,Andrea,Alonso Blanco
6893,Laura,Serrano Fernández
6894,Diego,Muñoz Navarro
6895,Irene,Serrano Delgado
6896,Laura,Rodríguez Ruiz
6897,Alejandro,Álvarez Ortega
6898,María,Blanco Cruz
6899,Jorge,Méndez Pérez
6900,Eva,Cano Jiménez
6901,Pablo,Hernández González
6902,Javier,Muñoz Moreno
6903,Julia,Álvarez Cano
6904,Elena,García Navarro
6905,Mario,Marín Molina
6906,Pablo,Delgado Domínguez
6907,María,Cano García
6908,Elena,Ramos Morales
6909,Alba,Blanco Díaz
6910,Marta,Navarro Iglesias
6911,Adrián,Iglesias Serrano
6912,Daniel,Cano Rubio
6913,Diego,Serrano Castillo
6914,Paula,Rodríguez Alonso
6915,Aitana,López Díaz
6916,Claudia,Hernández Díaz
6917,Óscar,Morales Rubio
6918,Marcos,Muñoz García
6919,Andrea,Medina Gil
6920,Andrea,Guerrero Martínez
6921,Laura,Fernández Marín
6922,Carmen,Molina Navarro
6923,Pablo,Moreno Ortiz
6924,Julia,Domínguez Santos
6925,Elena,Rodríguez Jiménez
6926,María,Díaz Cortés
6927,Álvaro,Romero Méndez
6928,Elena,Álvarez Ramos
6929,Hugo,Álvarez Medina
6930,Antonio,Hernández Ortega
6931,Lucía,Rubio Lozano
6932,Sara,Pérez Rodríguez
6933,Claudia,Díaz Jiménez
6934,Alejandro,Navarro Méndez
6935,Alejandro,Gómez Domínguez
6936,Jorge,Prieto Calvo
6937,Javier,Moreno Molina
6938,Lucía,Morales Gil
6939,David,García Fernández
6940,Sergio,Gómez Marín
6941,Andrea,Martín Serrano
6942,Raquel,Cano Ramos
6943,Mario,Sánchez Pérez
6944,Paula,Domínguez Rubio
6945,Pablo,Castro Rodríguez
6946,Javier,Sánchez Pérez
6947,Nuria,Ortega Serrano
6948,Daniela,Prieto Ortega
6949,David,Prieto Lozano
6950,Diego,Calvo Castillo
6951,Adrián,Delgado Calvo
6952,Miguel,Molina Moreno
6953,Pablo,Romero Torres
6954,Elena,García Hernández
6955,Álvaro,Domínguez Lozano
6956,Elena,Muñoz Serrano
6957,Marta,López Ruiz
6958,Laura,Ortiz Delgado
6959,Jorge,Rodríguez Cruz
6960,Paula,Delgado Alonso
6961,Marcos,Méndez Prieto
6962,Claudia,Ramos Ortega
6963,Daniela,Delgado Castillo
6964,Raquel,Álvarez Fernández
6965,Óscar,Ruiz Gutiérrez
6966,Manuel,García Marín
6967,David,Muñoz Ortiz
6968,Miguel,Rubio Santos
6969,Nicolás,Romero López
6970,Nuria,Navarro García
6971,Miguel,Delgado Medina
6972,Mario,González Hernández
6973,Sofía,Calvo Calvo
6974,Jorge,Sanz Díaz
6975,Sofía,Muñoz Hernández
6976,Diego,Lozano Ramos
6977,Rubén,Moreno Navarro
6978,Aitana,Gómez Fernández
6979,Nicolás,Alonso Lozano
6980,Sara,López Ortiz
6981,Alba,Torres Alonso
6982,Elena,Jiménez Gutiérrez
6983,Adrián,Pérez Castillo
6984,Óscar,Álvarez Gutiérrez
6985,Diego,Romero Romero
6986,Alba,Gómez Navarro
6987,Aitana,Díaz Torres
6988,Rubén,Marín García
6989,Antonio,Serrano Gutiérrez
6990,María,Martínez Cruz
6991,Manuel,Ortega Torres
6992,Óscar,Santos Cano
6993,Alba,Iglesias Marín
6994,Claudia,Santos Medina
6995,Iván,Díaz Domínguez
6996,Marta,Castillo Vázquez
6997,Alejandro,Alonso Domínguez
6998,Lucía,Sánchez Guerrero
6999,Paula,Torres Guerrero
7000,Alba,Calvo Romero
7001,Lucía,López Navarro
7002,Daniel,Iglesias Sanz
7003,Nicolás,Morales Cano
7004,Adrián,Navarro Domínguez
7005,Iván,Álvarez Serrano
7006,David,Prieto Morales
7007,Diego,Prieto Moreno
7008,Diego,Navarro Prieto
7009,Nuria,Pérez Martínez
7010,Andrea,Sánchez González
7011,Nicolás,Ortega Medina
7012,Javier,Torres Navarro
7013,Aitana,Cruz Ramos
7014,Aitana,Torres Gil
7015,Andrea,Castro Castillo
7016,Hugo,Cruz Cortés
7017,Adrián,Guerrero Moreno
7018,Manuel,Cruz Ramos
7019,Adrián,Rubio Cortés
7020,Raquel,Cortés Ruiz
7021,Adrián,Hernández Morales
7022,Manuel,Iglesias Calvo
7023,Irene,Domínguez Molina
7024,Daniela,Lozano Molina
7025,Aitana,Castro Prieto
7026,Rubén,Alonso Cortés
7027,María,Álvarez Ortega
7028,Óscar,Sanz Castillo
7029,Andrea,González Castillo
7030,Iván,Serrano Vázquez
7031,Daniela,López García
7032,Andrea,Molina Gutiérrez
7033,Iván,Díaz Álvarez
7034,Miguel,Álvarez Serrano
7035,Javier,Rodríguez Jiménez
7036,Claudia,Moreno Delgado
7037,Miguel,Rodríguez Sanz
7038,Hugo,Pérez Sanz
7039,David,Cano Prieto
7040,Manuel,Medina Álvarez
7041,Manuel,García Ortiz
7042,David,Molina Moreno
7043,Alba,Domínguez Calvo
7044,Eva,Castillo Castro
7045,Daniel,Romero Vázquez
7046,Elena,Jiménez Blanco
7047,Daniela,Romero Vázquez
7048,Nicolás,Cruz Rodríguez
7049,Álvaro,Cortés Navarro
7050,Javier,Castillo Castro
7051,Lucía,Hernández Ortiz
7052,Antonio,Morales Cortés
7053,Miguel,Morales Moreno
7054,Rubén,Cortés Muñoz
7055,Alba,Castro Cruz
7056,Diego,Prieto Díaz
7057,Marta,Méndez Sánchez
7058,Aitana,Vázquez Álvarez
7059,Óscar,Guerrero Álvarez
7060,Marta,Fernández Navarro
7061,Claudia,Pérez Fernández
7062,Andrea,Álvarez Blanco
7063,Julia,Guerrero Castro
7064,Alejandro,Serrano Fernández
7065,Iván,Muñoz Vázquez
7066,Sofía,Martínez Prieto
7067,Laura,Iglesias Gutiérrez
7068,Iván,Iglesias Vázquez
7069,Javier,Moreno Medina
7070,Elena,Navarro Moreno
7071,Diego,Sánchez Gil
7072,David,Suárez Martín
7073,Álvaro,Rodríguez Muñoz
7074,Laura,Iglesias Díaz
7075,Antonio,Prieto Ortiz
7076,Rubén,Torres Muñoz
7077,Manuel,Torres Muñoz
7078,Lucía,Cano Delgado
7079,Manuel,Sanz López
7080,Claudia,Ortega Martín
7081,Carmen,Blanco Díaz
7082,Sofía,Martín Méndez
7083,Mario,Sánchez Marín
7084,Antonio,Suárez Ramos
7085,Miguel,Romero Castro
7086,Sofía,Cano Martín
7087,Sergio,Martín Sanz
7088,Elena,Prieto Hernández
7089,Sergio,Delgado Díaz
7090,Aitana,Prieto Iglesias
7091,Hugo,Hernández Medina
7092,Alejandro,Gómez Romero
7093,Óscar,Medina Sánchez
7094,Javier,Torres Álvarez
7095,Pablo,Calvo Alonso
7096,Pablo,Lozano Iglesias
7097,Aitana,Rubio Ramos
7098,Nuria,Martínez Sánchez
7099,Óscar,Sánchez Santos
7100,Jorge,Martínez Rodríguez
7101,Alejandro,Martínez Lozano
7102,Adriana,Delgado Martín
7103,Andrea,Guerrero Ruiz
7104,Nuria,Guerrero Castro
7105,Paula,Serrano Gil
7106,Andrea,García Calvo
7107,Mario,Navarro Marín
7108,Javier,Cortés Martín
7109,Raquel,Rubio Navarro
7110,Sofía,Castro Hernández
7111,Raquel,López Vázquez
7112,Andrea,Cano Alonso
7113,Julia,Torres Jiménez
7114,Marta,Cano Morales
7115,Álvaro,Ramos Gutiérrez
7116,Rubén,Torres Navarro
7117,Marta,Molina Méndez
7118,María,Prieto Cruz
7119,Alba,Rodríguez Gómez
7120,Sergio,Lozano Hernández
7121,Lucía,Rodríguez Navarro
7122,Aitana,Ortega Rodríguez
7123,Elena,Gil Hernández
7124,Javier,Ortiz Cano
7125,Javier,Iglesias Díaz
7126,Claudia,Moreno Sanz
7127,Sergio,Serrano Suárez
7128,Javier,Méndez Martín
7129,Andrea,Ortiz Alonso
7130,Sergio,Cano Martín
7131,David,Gómez Pérez
7132,David,Pérez Ruiz
7133,Javier,Martínez Martín
7134,Eva,Romero Sánchez
7135,Mario,Muñoz Molina
7136,Sara,Morales Suárez
7137,Elena,Fernández Martín
7138,Sergio,Jiménez Vázquez
7139,Sergio,Muñoz Cruz
7140,María,González Domínguez
7141,Manuel,Ortega Gómez
7142,Alejandro,Domínguez Delgado
7143,Nicolás,Pérez Blanco
7144,Sara,Fernández Gutiérrez
7145,David,Pérez Moreno
7146,Lucía,Vázquez Pérez
7147,Aitana,Calvo Navarro
7148,Daniela,Gómez Rubio
7149,Hugo,Ruiz Castro
7150,Sofía,Fernández Cruz
7151,Sergio,Castillo Molina
7152,Miguel,Domínguez Castillo
7153,Marcos,Lozano Cano
7154,Paula,Martínez Alonso
7155,Javier,Díaz Suárez
7156,Lucía,Domínguez Medina
7157,Carmen,Prieto Ruiz
7158,Antonio,Cortés Marín
7159,Alba,Cruz Iglesias
7160,Andrea,Martínez Rodríguez
7161,Sergio,Sánchez Hernández
7162,Laura,Navarro Ortega
7163,Jorge,Rubio Vázquez
7164,Raquel,Sánchez Díaz
7165,Pablo,Méndez Serrano
7166,Claudia,Cruz Castillo
7167,Iván,Gutiérrez Ortiz
7168,Hugo,Torres Álvarez
7169,Nicolás,Vázquez Guerrero
7170,Daniel,Cortés Guerrero
7171,Adrián,Torres Hernández
7172,Elena,Marín González
7173,Raquel,Torres Suárez
7174,Alba,Ortega Gómez
7175,Sergio,Jiménez Iglesias
7176,Jorge,Ortega Gutiérrez
7177,David,Martín Ramos
7178,Sofía,Pérez Rubio
7179,Pablo,Díaz Marín
7180,Aitana,Gutiérrez Guerrero
7181,Mario,Gómez López
7182,Álvaro,Suárez Moreno
7183,Manuel,Torres González
7184,David,Torres Cortés
7185,Elena,Rodríguez Fernández
7186,Hugo,Castillo Rodríguez
7187,Nuria,Castro Álvarez
7188,Raquel,Medina Cruz
7189,Javier,Rodríguez Lozano
7190,Aitana,Sánchez Fernández
7191,Lucía,Castillo Moreno
7192,Andrea,Gil Sánchez
7193,David,Ruiz Molina
7194,Daniel,Suárez Navarro
7195,David,Hernández Gil
7196,Hugo,Guerrero Domínguez
7197,Iván,Delgado López
7198,Andrea,Jiménez Blanco
7199,Marta,Álvarez Suárez
7200,Alba,Sanz Castillo
7201,Adrián,Pérez Ortiz
7202,Jorge,Calvo Medina
7203,Marta,Molina Serrano
7204,Sofía,González Molina
7205,Alba,Iglesias Guerrero
7206,Daniela,Martínez Jiménez
7207,Manuel,Cortés Ortega
7208,Mario,Blanco Blanco
7209,Claudia,Domínguez Navarro
7210,Alba,Martínez Delgado
7211,Elena,Serrano Gómez
7212,Sofía,Méndez Martínez
7213,Sofía,Castillo Álvarez
7214,Javier,Ramos Muñoz
7215,Hugo,Díaz Ortega
7216,Antonio,Gil Martín
7217,Adrián,Sánchez Torres
7218,Daniela,Gutiérrez Jiménez
7219,Óscar,Martínez Romero
7220,Alba,Calvo Cruz
7221,Nuria,Muñoz Romero
7222,Daniela,Álvarez Blanco
7223,Sofía,Torres Iglesias
7224,Andrea,Rubio Alonso
7225,Sara,Martínez Hernández
7226,Carmen,García Medina
7227,Paula,Hernández Guerrero
7228,Hugo,Serrano Muñoz
7229,Hugo,Santos Martín
7230,Pablo,Sanz Torres
7231,Javier,Rubio Serrano
7232,Antonio,Rubio Domínguez
7233,Iván,Gil Ortega
7234,Daniel,García Suárez
7235,Irene,Martín Ruiz
7236,Julia,Ruiz Prieto
7237,Aitana,Lozano Domínguez
7238,Antonio,Jiménez Iglesias
7239,Lucía,Ortiz Domínguez
7240,Sofía,Castro Ortega
7241,Hugo,Romero Medina
7242,Aitana,Rodríguez Fernández
7243,Lucía,Gil Méndez
7244,Paula,Rodríguez Hernández
7245,Manuel,Gómez Navarro
7246,Óscar,Rubio Cruz
7247,Marta,Iglesias Lozano
7248,Antonio,Moreno Sanz
7249,Miguel,Sánchez Guerrero
7250,Julia,Calvo Sanz
7251,Aitana,Pérez Delgado
7252,Carmen,Medina Díaz
7253,Manuel,Martín Muñoz
7254,Lucía,Gutiérrez Calvo
7255,Manuel,Méndez Díaz
7256,Iván,Morales Cruz
7257,David,Moreno Fernández
7258,Paula,Guerrero Ramos
7259,Javier,Ruiz Méndez
7260,Andrea,Alonso Molina
7261,Andrea,Díaz Pérez
7262,Raquel,Moreno Alonso
7263,Andrea,Cruz Medina
7264,Lucía,Cortés Marín
7265,María,Lozano Méndez
7266,Jorge,Rubio Jiménez
7267,Laura,Martínez González
7268,Andrea,Marín Torres
7269,Aitana,Castillo Méndez
7270,Nicolás,Delgado Martínez
7271,Mario,Lozano Ortiz
7272,Raquel,Méndez López
7273,Andrea,Domínguez Castillo
7274,Alba,Cortés Prieto
7275,Daniela,Cruz Hernández
7276,Sara,Díaz Guerrero
7277,Manuel,Martínez Marín
7278,Adrián,Rubio Vázquez
7279,Adrián,Sánchez Ruiz
7280,Marta,Muñoz Lozano
7281,Daniel,Sánchez Ortega
7282,Jorge,Hernández González
7283,Hugo,Cruz Medina
7284,María,Morales Marín
7285,Carmen,Blanco Medina
7286,Adrián,Romero Ortiz
7287,Daniel,Castro Serrano
7288,Pablo,Ramos Muñoz
7289,Elena,Hernández Castro
7290,Lucía,Romero Gutiérrez
7291,Alejandro,Cruz Romero
7292,Óscar,Díaz Lozano
7293,Raquel,Cruz Guerrero
7294,Sergio,Domínguez Gil
7295,Iván,Ruiz González
7296,Adriana,Romero García
7297,Aitana,González Santos
7298,Manuel,Ortiz Pérez
7299,Sara,Cortés Ruiz
7300,Eva,Calvo Fernández
7301,Nicolás,Castro Medina
7302,Adriana,Calvo Martín
7303,Manuel,Castro Alonso
7304,Adriana,Rubio Martínez
7305,Adrián,Cruz Lozano
7306,Alejandro,Ramos Cortés
7307,Jorge,Torres Ruiz
7308,David,Castro Ramos
7309,Iván,Ortega Ortega
7310,Eva,Vázquez Delgado
7311,Daniel,Fernández Ortiz
7312,Aitana,Castillo Suárez
7313,Paula,Castillo Moreno
7314,Sara,Medina Serrano
7315,Lucía,Domínguez Prieto
7316,Paula,Ortiz Marín
7317,Jorge,Marín Romero
7318,Manuel,González Lozano
7319,Sara,Navarro Navarro
7320,Antonio,Serrano Hernández
7321,Óscar,Blanco Gómez
7322,Eva,Navarro Martín
7323,Diego,Ruiz Ruiz
7324,Antonio,Hernández Gómez
7325,Paula,Gómez Lozano
7326,Mario,Gil Jiménez
7327,María,Castro López
7328,Adriana,Jiménez Pérez
7329,Iván,Vázquez Rubio
7330,Adriana,Molina Martín
7331,Jorge,Iglesias López
7332,Adrián,Marín Navarro
7333,Marcos,Méndez Navarro
7334,Marcos,Romero Marín
7335,Pablo,Méndez Molina
7336,Sergio,Fernández González
7337,Jorge,Ruiz Calvo
7338,María,Calvo Rubio
7339,Hugo,Ruiz Rubio
7340,Alba,Prieto Sanz
7341,Marcos,Gutiérrez Vázquez
7342,Nicolás,Castro Ramos
7343,Alba,Santos Morales
7344,Manuel,Cruz Fernández
7345,Diego,Guerrero Ortega
7346,Irene,González Alonso
7347,Sara,Fernández Delgado
7348,Adrián,Ruiz Torres
7349,Iván,Martínez Ortega
7350,Daniela,Cruz Santos
7351,Andrea,Vázquez Romero
7352,Adriana,Pérez Cruz
7353,Sara,Ramos Martín
7354,Hugo,Ortiz Moreno
7355,Julia,Díaz Domínguez
7356,Andrea,Pérez Fernández
7357,Antonio,Gómez Díaz
7358,Adrián,Ruiz Fernández
7359,Pablo,Rodríguez Castro
7360,Nuria,Jiménez Ramos
7361,Aitana,Pérez Méndez
7362,Pablo,Marín Calvo
7363,Sara,Jiménez Sanz
7364,Julia,Martín Cano
7365,Antonio,Muñoz Rubio
7366,Adrián,Cortés Martínez
7367,Marcos,Guerrero Prieto
7368,Hugo,Rodríguez Castillo
7369,Lucía,Ramos Blanco
7370,Elena,Martín Sánchez
7371,Daniela,Delgado Lozano
7372,Irene,Jiménez Guerrero
7373,Sara,Delgado Blanco
7374,Diego,Molina Pérez
7375,Diego,Delgado Santos
7376,Javier,Torres Ruiz
7377,Claudia,Ruiz Morales
7378,Mario,Ortega Ruiz
7379,Jorge,Delgado Gutiérrez
7380,Elena,Gil Muñoz
7381,Javier,Lozano Medina
7382,Óscar,Castillo López
7383,Álvaro,Méndez Gutiérrez
7384,Sergio,González García
7385,Sara,Blanco Suárez
7386,Sara,Medina Santos
7387,Elena,Ortiz Vázquez
7388,Marta,Sanz Suárez
7389,Alejandro,Ramos Gómez
7390,Jorge,González Vázquez
7391,Carmen,García Castro
7392,Julia,Cortés Ortiz
7393,Julia,González Lozano
7394,Eva,Marín Santos
7395,Óscar,Gil Prieto
7396,Javier,Vázquez Molina
7397,Manuel,Álvarez Molina
7398,Adriana,Ramos Ortiz
7399,Andrea,Ruiz Castillo
7400,Óscar,Pérez Gómez
7401,Diego,Gómez Ortiz
7402,Marta,Álvarez Romero
7403,Álvaro,Méndez Navarro
7404,Antonio,Domínguez García
7405,Paula,Alonso Rodríguez
7406,Mario,Gil Cortés
7407,Adrián,Fernández Vázquez
7408,Jorge,Cortés Gómez
7409,Daniel,Jiménez Cano
7410,Óscar,Pérez Santos
7411,Raquel,Ortiz Marín
7412,Adrián,Medina Méndez
7413,Daniela,Calvo Sánchez
7414,Marcos,Iglesias Ramos
7415,Carmen,Serrano Sanz
7416,Aitana,Alonso Ramos
7417,Daniel,Sanz Prieto
7418,Andrea,Blanco Calvo
7419,Julia,Marín Blanco
7420,Óscar,Torres Ortega
7421,David,Cortés Castro
7422,Diego,Romero Gómez
7423,Nicolás,Santos Prieto
7424,Iván,Blanco Ramos
7425,Nicolás,Serrano López
7426,Javier,Iglesias Sánchez
7427,María,Marín Cano
7428,Miguel,Romero Ruiz
7429,Nuria,Navarro Muñoz
7430,Marcos,Calvo Castro
7431,Aitana,Cruz Romero
7432,Manuel,Medina González
7433,Miguel,Guerrero López
7434,David,Díaz Rubio
7435,Adriana,Cano Delgado
7436,Jorge,Díaz Martínez
7437,Pablo,Alonso Ruiz
7438,Claudia,Ortega Romero
7439,Diego,Fernández Navarro
7440,Mario,Gutiérrez Morales
7441,Carmen,Sánchez Moreno
7442,María,Díaz Navarro
7443,Aitana,Serrano Sánchez
7444,Sofía,Ortiz Muñoz
7445,Aitana,Cruz Serrano
7446,María,Vázquez Iglesias
7447,Pablo,Marín Prieto
7448,Alba,Sanz Muñoz
7449,Julia,Álvarez Sánchez
7450,Alba,Muñoz Martínez
7451,Adriana,Moreno Sanz
7452,Javier,Ramos Martínez
7453,Álvaro,Castillo Pérez
7454,Andrea,Molina Álvarez
7455,Daniel,Morales Serrano
7456,Adrián,Medina Méndez
7457,Antonio,Prieto Sanz
7458,Álvaro,Fernández Molina
7459,Laura,Serrano Prieto
7460,Antonio,Romero Martínez
7461,Carmen,Iglesias Rodríguez
7462,Adriana,Iglesias Torres
7463,Alejandro,Moreno Fernández
7464,Sergio,Alonso Medina
7465,Javier,Serrano Santos
7466,Hugo,Medina Vázquez
7467,Julia,Cortés Pérez
7468,Carmen,Cano Rodríguez
7469,Claudia,Alonso Moreno
7470,Adrián,Jiménez Moreno
7471,Daniela,Delgado Muñoz
7472,Pablo,Díaz Blanco
7473,Adriana,Iglesias Cortés
7474,Pablo,Pérez Prieto
7475,Julia,Medina Blanco
7476,María,Sanz Gil
7477,Jorge,Domínguez Torres
7478,Sofía,Ortiz Álvarez
7479,David,López Castillo
7480,Claudia,Martín Rubio
7481,Sergio,Calvo Blanco
7482,Adriana,Sánchez Ortega
7483,Alba,Ortega Castro
7484,Julia,Torres Moreno
7485,Adrián,Ruiz Navarro
7486,Sofía,Martínez Muñoz
7487,Daniel,Lozano Serrano
7488,Óscar,Álvarez Ortiz
7489,Daniel,Calvo López
7490,Carmen,Fernández Martínez
7491,Javier,Romero Ruiz
7492,Sofía,García Cano
7493,Marta,Vázquez Álvarez
7494,Daniela,Cano Morales
7495,Daniela,Martínez Gil
7496,Pablo,Cortés Prieto
7497,Sergio,Lozano Navarro
7498,Sofía,Muñoz Jiménez
7499,Nicolás,Marín Domínguez
7500,Manuel,Cruz Calvo
7501,María,Fernández Sanz
7502,Rubén,Morales Lozano
7503,Sofía,López Domínguez
7504,Sofía,Romero Jiménez
7505,Marcos,Domínguez García
7506,Eva,Castro Jiménez
7507,Sofía,Rubio Moreno
7508,Marta,Gil Calvo
7509,Nicolás,Marín Suárez
7510,Alejandro,Cano Prieto
7511,Antonio,Blanco Lozano
7512,David,Jiménez Moreno
7513,Carmen,Pérez Serrano
7514,Rubén,Torres Prieto
7515,María,Alonso Ortiz
7516,María,Medina Medina
7517,Adriana,Díaz Díaz
7518,Manuel,Hernández Castro
7519,Sara,Gómez Vázquez
7520,Marta,López Díaz
7521,Diego,Ortega Alonso
7522,Lucía,García Navarro
7523,Miguel,Rodríguez Iglesias
7524,Manuel,Morales Alonso
7525,Sara,Álvarez Martínez
7526,Alejandro,Suárez Gutiérrez
7527,Antonio,Guerrero Navarro
7528,Laura,Delgado Gómez
7529,Hugo,Rodríguez Moreno
7530,Carmen,Romero Martín
7531,Javier,Blanco Jiménez
7532,Nuria,Jiménez Romero
7533,Nicolás,Navarro Alonso
7534,Óscar,Álvarez Marín
7535,Nuria,Blanco Lozano
7536,Javier,Ortiz Gómez
7537,Sofía,Muñoz González
7538,Alejandro,Calvo Sanz
7539,Adriana,Santos Rubio
7540,Daniel,Morales Vázquez
7541,Aitana,Rubio López
7542,Elena,Cano López
7543,Sergio,Ortiz Hernández
7544,Adriana,Calvo Medina
7545,Daniel,Ortiz Méndez
7546,Álvaro,Castillo Martínez
7547,Irene,Calvo Domínguez
7548,Jorge,Ortega Cortés
7549,Carmen,Muñoz Morales
7550,Álvaro,Romero Delgado
7551,Andrea,Navarro Jiménez
7552,Elena,Navarro Serrano
7553,Elena,Prieto Castro
7554,Laura,Prieto Ortega
7555,Raquel,Medina Gil
7556,Daniel,Guerrero Ruiz
7557,Daniela,Rodríguez Jiménez
7558,Manuel,Jiménez Fernández
7559,Claudia,Ruiz Rubio
7560,Diego,Díaz García
7561,Miguel,Hernández Calvo
7562,Carmen,Santos Ortiz
7563,Andrea,Cortés Castro
7564,Sergio,Ortiz Cortés
7565,Alejandro,Gutiérrez Morales
7566,Elena,Guerrero Cortés
7567,Sofía,Moreno Gil
7568,Paula,Morales Suárez
7569,Daniel,Rodríguez Martínez
7570,Javier,Delgado Muñoz
7571,Nicolás,García Delgado
7572,Álvaro,Méndez Cruz
7573,Julia,Moreno Serrano
7574,David,López Cortés
7575,Óscar,Medina Prieto
7576,Laura,Morales Hernández
7577,Rubén,Romero Cano
7578,Laura,Martínez Medina
7579,Antonio,Domínguez Ruiz
7580,David,Fernández Marín
7581,Adriana,Ortiz Blanco
7582,Lucía,Martín Álvarez
7583,Alejandro,Marín Gil
7584,Adrián,Cruz Muñoz
7585,Marta,Blanco García
7586,Pablo,Cortés Romero
7587,Marta,Domínguez Ruiz
7588,Alba,Castro Díaz
7589,Sara,Rubio González
7590,Álvaro,Marín Calvo
7591,Raquel,Alonso Vázquez
7592,Aitana,Ramos Prieto
7593,Marcos,Serrano Hernández
7594,Aitana,Sanz Torres
7595,Adriana,Alonso Martín
7596,Alba,Domínguez Delgado
7597,Laura,Ruiz Martínez
7598,Alejandro,Vázquez Delgado
7599,Adriana,Cano Sanz
7600,Javier,Muñoz Hernández
7601,Marcos,Delgado Prieto
7602,Marta,Pérez Muñoz
7603,Julia,Blanco Rubio
7604,Pablo,López Ortiz
7605,David,Hernández Alonso
7606,Antonio,Muñoz Méndez
7607,Sofía,Fernández Ortiz
7608,Raquel,Molina Martínez
7609,Elena,Hernández Sanz
7610,Raquel,Ramos Marín
7611,Elena,Guerrero Medina
7612,David,Álvarez Delgado
7613,Laura,Santos Rubio
7614,Aitana,Serrano Rubio
7615,Aitana,Medina Santos
7616,Marta,Navarro Pérez
7617,Laura,García Muñoz
7618,David,Martín Alonso
7619,Aitana,Medina Cano
7620,Paula,Suárez Guerrero
7621,Álvaro,Navarro Martínez
7622,Daniel,Martínez Díaz
7623,Irene,Martín Castillo
7624,Nuria,Ruiz Serrano
7625,Alba,Molina Alonso
7626,Daniel,Guerrero Marín
7627,Aitana,Álvarez Cortés
7628,Andrea,López Rubio
7629,Sofía,Fernández Lozano
7630,Iván,García Pérez
7631,Daniela,Sánchez Rodríguez
7632,Irene,Hernández Ramos
7633,Eva,Calvo López
7634,Óscar,Sánchez Domínguez
7635,Adrián,Álvarez Gómez
7636,David,Castro Jiménez
7637,María,Muñoz Suárez
7638,Aitana,Cortés Pérez
7639,Marta,Romero Castillo
7640,Daniela,Molina Gómez
7641,Antonio,Romero Fernández
7642,Pablo,Pérez González
7643,Julia,García Martínez
7644,Carmen,Torres Ortiz
7645,Antonio,Iglesias Romero
7646,Sofía,Vázquez Ortega
7647,Andrea,Álvarez Gutiérrez
7648,Óscar,Rubio Marín
7649,Óscar,Sánchez Díaz
7650,Carmen,Ortega Hernández
7651,Miguel,Castro Serrano
7652,Álvaro,Martínez Méndez
7653,Raquel,Ruiz Castro
7654,Daniel,Gómez Torres
7655,Óscar,Hernández Cortés
7656,Aitana,García Fernández
7657,Laura,Jiménez Moreno
7658,Jorge,Ruiz Iglesias
7659,David,Lozano López
7660,Álvaro,González Pérez
7661,Iván,Gómez Navarro
7662,Laura,Méndez Delgado
7663,Adrián,Vázquez Torres
7664,Laura,Pérez Cortés
7665,Javier,Jiménez Fernández
7666,Carmen,Pérez Cruz
7667,Rubén,Sanz Blanco
7668,María,Castro Guerrero
7669,Alba,Delgado Calvo
7670,Laura,Gómez García
7671,Rubén,López Marín
7672,Nicolás,Vázquez Cruz
7673,Nicolás,Muñoz Rubio
7674,Raquel,Gil Hernández
7675,María,Pérez Sanz
7676,Lucía,Iglesias Calvo
7677,Elena,Iglesias Sánchez
7678,Rubén,Ortiz Delgado
7679,Lucía,Díaz Martín
7680,Marcos,Blanco Iglesias
7681,Marcos,Guerrero Fernández
7682,Iván,Méndez Gutiérrez
7683,Carmen,García Fernández
7684,Alejandro,Álvarez Marín
7685,Marcos,Sanz Molina
7686,Laura,Alonso Santos
7687,Diego,Hernández Sánchez
7688,Pablo,Rubio Sanz
7689,Nuria,Rodríguez Castillo
7690,David,Rubio López
7691,Mario,Castro Suárez
7692,Julia,García Lozano
7693,Raquel,Morales Serrano
7694,Iván,Ramos Cortés
7695,Andrea,Moreno Rodríguez
7696,Marcos,Muñoz Marín
7697,Rubén,Guerrero Díaz
7698,Nicolás,Guerrero Cano
7699,Rubén,Medina García
7700,Alejandro,Cortés Romero
7701,Nuria,Serrano Suárez
7702,Sara,Torres Marín
7703,Diego,Romero Sanz
7704,Andrea,Sanz Rodríguez
7705,Carmen,Hernández Castillo
7706,Elena,Serrano Castro
7707,Antonio,Martín Moreno
7708,Paula,Castro Gil
7709,Antonio,Lozano Delgado
7710,Adriana,Rodríguez Martín
7711,Manuel,Moreno Álvarez
7712,Sara,Molina Díaz
7713,Nuria,Gómez Sanz
7714,Sofía,Santos Morales
7715,Nuria,Ruiz García
7716,Antonio,Castro Méndez
7717,Mario,Rubio Martínez
7718,Sara,Blanco González
7719,Alejandro,Alonso Hernández
7720,Irene,Ortega Moreno
7721,Mario,Medina Díaz
7722,Pablo,Pérez Prieto
7723,Irene,Sanz Fernández
7724,Jorge,Rubio Calvo
7725,Adrián,Hernández Ortega
7726,Lucía,Jiménez Castillo
7727,Pablo,López Rubio
7728,Iván,Ortiz Jiménez
7729,Raquel,Prieto Castillo
7730,Álvaro,Prieto Torres
7731,Diego,Méndez Jiménez
7732,Irene,Romero Rodríguez
7733,Lucía,Rodríguez Cortés
7734,Julia,Ortiz Ortega
7735,Lucía,Gómez Sanz
7736,Marta,López González
7737,Irene,Guerrero Serrano
7738,Rubén,Muñoz Domínguez
7739,Sofía,Castro López
7740,Julia,Suárez Hernández
7741,Hugo,Blanco Pérez
7742,Julia,Rubio Hernández
7743,Rubén,Guerrero Navarro
7744,Daniel,Vázquez Domínguez
7745,Carmen,Domínguez Ortiz
7746,Álvaro,García Castillo
7747,Iván,Ortiz López
7748,Diego,Ortega Blanco
7749,Marta,González Calvo
7750,Diego,López Sánchez
7751,Iván,Medina Molina
7752,Adriana,Rodríguez Santos
7753,Hugo,García Guerrero
7754,Aitana,Prieto Gómez
7755,Sergio,Marín Martín
7756,Julia,Calvo Sanz
7757,Andrea,Cruz Jiménez
7758,Aitana,Alonso Sanz
7759,Óscar,Serrano Gutiérrez
7760,María,Sanz Serrano
7761,Paula,Álvarez Ramos
7762,Raquel,Hernández Rubio
7763,Nicolás,Ortiz Prieto
7764,Andrea,Torres Sanz
7765,Rubén,Delgado Cruz
7766,Miguel,Jiménez Vázquez
7767,Manuel,Guerrero Martín
7768,Adrián,Calvo Medina
7769,Alba,Santos Martín
7770,Manuel,Sanz Calvo
7771,Iván,Prieto Ortiz
7772,Sara,Pérez González
7773,Sara,López Lozano
7774,Eva,González Cano
7775,Miguel,Delgado González
7776,María,Hernández Santos
7777,David,Calvo Méndez
7778,Javier,Cortés Fernández
7779,Manuel,Blanco Domínguez
7780,Eva,Fernández Ramos
7781,Álvaro,Morales Ramos
7782,Mario,Morales Suárez
7783,Rubén,González Muñoz
7784,David,Navarro Ruiz
7785,Irene,Castro Vázquez
7786,Sara,Castillo Ortega
7787,Jorge,Álvarez Martínez
7788,Paula,Morales Hernández
7789,Daniel,Ramos Sanz
7790,Iván,Morales Torres
7791,Mario,Marín Díaz
7792,Javier,Ortiz Sánchez
7793,Álvaro,Lozano Martínez
7794,Adriana,Marín Ortega
7795,Carmen,Medina Iglesias
7796,Jorge,Sánchez Rodríguez
7797,Mario,Álvarez Cortés
7798,Claudia,Cano Ortega
7799,David,Martínez Santos
7800,Adrián,Ruiz Álvarez
7801,Jorge,Domínguez López
7802,Alba,Jiménez Lozano
7803,Alba,Ramos Domínguez
7804,Óscar,Rodríguez Martín
7805,Marta,Moreno González
7806,Miguel,Gómez Suárez
7807,Antonio,Méndez Molina
7808,Manuel,Rubio Hernández
7809,Elena,Ortiz Rubio
7810,Sofía,Molina Iglesias
7811,Iván,Calvo Cruz
7812,Lucía,Jiménez Gómez
7813,Julia,Vázquez Moreno
7814,Rubén,Sanz Blanco
7815,Manuel,Rubio Vázquez
7816,Raquel,Santos Medina
7817,Lucía,López Navarro
7818,Marta,Gutiérrez Rodríguez
7819,Diego,Fernández Fernández
7820,Rubén,Méndez Lozano
7821,Sofía,Cruz Jiménez
7822,David,Moreno Molina
7823,Iván,Méndez Fernández
7824,Alejandro,García Moreno
7825,Adriana,Serrano Vázquez
7826,Alejandro,Vázquez Martín
7827,Mario,Méndez Méndez
7828,Daniel,Suárez Morales
7829,Elena,Gutiérrez Blanco
7830,Nicolás,Calvo Hernández
7831,Julia,Torres Vázquez
7832,Mario,Moreno Cruz
7833,Daniela,Iglesias González
7834,Pablo,Serrano Ortega
7835,Marcos,Alonso Martínez
7836,Manuel,Sánchez Medina
7837,Claudia,Martínez Vázquez
7838,Sofía,González Ruiz
7839,Antonio,Ortega González
7840,Eva,Ortiz Delgado
7841,Alba,Sánchez Santos
7842,Hugo,Guerrero Hernández
7843,Daniela,Vázquez Prieto
7844,Daniel,Sánchez Ortiz
7845,David,Prieto Martínez
7846,Nicolás,Ortega Marín
7847,David,Cano Delgado
7848,Elena,Gutiérrez Domínguez
7849,Pablo,Hernández Castro
7850,Lucía,López Calvo
7851,Mario,Hernández Morales
7852,Carmen,Sanz Rubio
7853,Álvaro,Ortega Delgado
7854,Aitana,Santos Cortés
7855,Elena,García García
7856,Marcos,Álvarez Marín
7857,Laura,Guerrero Sánchez
7858,Hugo,Méndez Marín
7859,Marcos,Lozano Lozano
7860,Iván,Rodríguez Muñoz
7861,Andrea,Santos Cortés
7862,Adriana,López Rubio
7863,Marcos,Castro Domínguez
7864,Jorge,Gutiérrez Santos
7865,Hugo,Blanco Castillo
7866,Adrián,González Suárez
7867,Irene,López Martín
7868,Antonio,Hernández Fernández
7869,Laura,Suárez Ruiz
7870,Nuria,Méndez Gómez
7871,Adriana,Sanz Calvo
7872,Sergio,Castillo Pérez
7873,Alejandro,Cruz Blanco
7874,Paula,Lozano Serrano
7875,Alejandro,Moreno Martínez
7876,David,Guerrero Vázquez
7877,Elena,Vázquez Méndez
7878,Alejandro,Hernández Cano
7879,Pablo,Medina Martín
7880,Paula,Lozano Iglesias
7881,Daniela,Santos Romero
7882,Claudia,Díaz Martín
7883,Irene,Calvo Ramos
7884,Pablo,Delgado Méndez
7885,Sergio,Ortiz Rubio
7886,Marta,Sánchez Ruiz
7887,Laura,Cruz Ramos
7888,Óscar,Sánchez Muñoz
7889,Daniela,Rodríguez Domínguez
7890,Jorge,Navarro Rubio
7891,Pablo,Ruiz Díaz
7892,Manuel,Álvarez Guerrero
7893,Pablo,López Martín
7894,Adriana,Rubio Ortiz
7895,Adriana,Romero Torres
7896,Javier,Martín Calvo
7897,Pablo,Calvo Rubio
7898,Julia,Alonso Jiménez
7899,Óscar,Suárez Cortés
7900,Miguel,Castro García
7901,Adrián,Martín Gil
7902,Iván,Vázquez Sánchez
7903,Sergio,Jiménez García
7904,Nuria,Sanz Morales
7905,Sara,Cano Sanz
7906,David,Calvo Ortiz
7907,Raquel,Pérez Jiménez
7908,Nuria,Ortiz Guerrero
7909,Iván,Molina López
7910,Adrián,Santos Medina
7911,Javier,Morales Calvo
7912,Paula,Hernández Iglesias
7913,Irene,Ortiz Romero
7914,Pablo,López Castro
7915,Daniel,Suárez Pérez
7916,Adriana,Sánchez Calvo
7917,Paula,Sanz Rodríguez
7918,Alba,Cortés Calvo
7919,Javier,Ortega Méndez
7920,Manuel,Moreno Álvarez
7921,Carmen,Calvo Suárez
7922,Rubén,Molina González
7923,Laura,Lozano Vázquez
7924,Elena,Cano Calvo
7925,Alba,Medina Delgado
7926,Marcos,Cruz Gutiérrez
7927,Raquel,Martín Pérez
7928,Manuel,Méndez Marín
7929,Nuria,Cortés Domínguez
7930,Daniel,Martínez Vázquez
7931,Claudia,Gil Delgado
7932,Daniela,González Méndez
7933,Alejandro,Sánchez Serrano
7934,Javier,Ortega Martín
7935,Iván,Castillo García
7936,Paula,Sánchez Molina
7937,Daniela,Cruz Jiménez
7938,Manuel,Martín Prieto
7939,Elena,Marín Santos
7940,Elena,Gil López
7941,Manuel,Moreno Martínez
7942,Laura,Fernández González
7943,Mario,Ramos Medina
7944,Raquel,Castro Cano
7945,Marcos,Martín Delgado
7946,David,Navarro Domínguez
7947,Hugo,Rodríguez Álvarez
7948,Álvaro,Gil Fernández
7949,Claudia,Cortés Prieto
7950,Antonio,Ortiz Ortiz
7951,Marcos,Cano Blanco
7952,Julia,Ramos Jiménez
7953,Javier,Ortega Castillo
7954,Álvaro,Martín Sanz
7955,Diego,Medina Alonso
7956,David,Suárez Guerrero
7957,Nicolás,Prieto Sanz
7958,Irene,Sánchez Sanz
7959,Lucía,García Navarro
7960,Iván,Ortiz Delgado
7961,Rubén,Martín Blanco
7962,Adrián,Ramos Castro
7963,Elena,Guerrero Díaz
7964,Laura,Castro Medina
7965,Rubén,Lozano Rubio
7966,Daniel,Vázquez Navarro
7967,Daniela,Gómez González
7968,Sofía,Molina Martín
7969,Nuria,Hernández Muñoz
7970,Álvaro,Iglesias Hernández
7971,Antonio,Lozano Fernández
7972,Laura,Iglesias Santos
7973,Paula,Ortega Martínez
7974,Rubén,Molina Castillo
7975,Claudia,Molina Castro
7976,Diego,Gutiérrez Gómez
7977,Manuel,Fernández Hernández
7978,Paula,Santos Hernández
7979,Álvaro,Molina Molina
7980,Julia,Navarro Castro
7981,Marcos,Alonso Vázquez
7982,Adriana,González Navarro
7983,Paula,Delgado Ortega
7984,Nicolás,Cruz González
7985,Adrián,Hernández López
7986,Mario,Molina Suárez
7987,Andrea,González Rubio
7988,Hugo,Lozano Rodríguez
7989,Rubén,Moreno Martínez
7990,Adrián,Navarro Cruz
7991,Rubén,Gómez Castro
7992,Adriana,Cortés Blanco
7993,Carmen,Delgado Cortés
7994,Nicolás,Prieto Castillo
7995,Irene,Castillo Muñoz
7996,Pablo,Rodríguez Ortega
7997,Laura,Rodríguez Calvo
7998,María,Sanz Muñoz
7999,Laura,García Pérez
8000,Nuria,Martínez Iglesias
8001,Daniel,Torres Blanco
8002,Rubén,Guerrero Santos
8003,David,Jiménez Pérez
8004,Óscar,Rodríguez Martín
8005,Alba,Torres Serrano
8006,Claudia,Delgado Rodríguez
8007,Alejandro,Castillo Castillo
8008,Rubén,Serrano Méndez
8009,Manuel,Ortega Gil
8010,Claudia,Santos Ortega
8011,Laura,Suárez Martínez
8012,Nicolás,Gómez Iglesias
8013,Mario,Blanco Díaz
8014,Pablo,Gómez Alonso
8015,Miguel,Suárez Méndez
8016,Carmen,Ortega Navarro
8017,Álvaro,Jiménez Blanco
8018,Marcos,Marín Romero
8019,María,Blanco Fernández
8020,Hugo,Cruz Méndez
8021,Adrián,Gómez Calvo
8022,Carmen,Ortiz Hernández
8023,María,Ruiz Navarro
8024,Óscar,Ruiz Martínez
8025,Daniel,Sanz Torres
8026,Hugo,Sánchez Méndez
8027,Lucía,Guerrero Fernández
8028,Álvaro,López Gutiérrez
8029,Elena,Guerrero Serrano
8030,Adriana,Hernández Domínguez
8031,Sara,Castro Prieto
8032,Daniela,Delgado González
8033,Nicolás,Muñoz Sanz
8034,Rubén,Cortés Castro
8035,Paula,Santos Vázquez
8036,Irene,García Vázquez
8037,Claudia,Fernández Martín
8038,Óscar,Cano Castro
8039,Sofía,Ortiz Molina
8040,Álvaro,Jiménez Méndez
8041,Claudia,Martín Lozano
8042,Pablo,Navarro Guerrero
8043,Adrián,Moreno Santos
8044,Elena,Delgado Sanz
8045,Álvaro,Ramos Prieto
8046,Mario,Prieto Lozano
8047,Daniel,Gómez Álvarez
8048,Elena,Cano Castro
8049,Álvaro,Gutiérrez Guerrero
8050,Hugo,Calvo Molina
8051,Andrea,Gil Ramos
8052,Daniel,Méndez Blanco
8053,Javier,Alonso Moreno
8054,Nuria,Marín Cruz
8055,Álvaro,Méndez Domínguez
8056,Sara,Torres Méndez
8057,Pablo,Medina Gutiérrez
8058,Raquel,Lozano Castro
8059,Nuria,Sanz Calvo
8060,Marcos,Ramos Méndez
8061,Elena,Rodríguez Ruiz
8062,Pablo,Gutiérrez Ruiz
8063,Raquel,Delgado Castro
8064,Manuel,Méndez Torres
8065,Manuel,Gutiérrez Cano
8066,María,Díaz Morales
8067,Diego,Suárez Ortiz
8068,Óscar,Ruiz Gil
8069,Raquel,Guerrero Castro
8070,Claudia,Martín Moreno
8071,Alba,Castro Castro
8072,Javier,Torres Cruz
8073,Lucía,Alonso Cortés
8074,Aitana,González Marín
8075,Pablo,Rodríguez Molina
8076,Alejandro,Ramos Gómez
8077,Javier,Fernández Sánchez
8078,Marta,Sanz Delgado
8079,Elena,Cruz Medina
8080,Daniel,Pérez Rubio
8081,Daniela,Muñoz Molina
8082,Adrián,Guerrero Vázquez
8083,Óscar,Suárez Domínguez
8084,David,Lozano Lozano
8085,David,Lozano Gil
8086,Sofía,Ruiz Fernández
8087,Lucía,Torres Torres
8088,Marta,Jiménez González
8089,Óscar,García Morales
8090,Diego,Serrano Fernández
8091,Sara,García Martín
8092,Mario,Guerrero Díaz
8093,Marcos,Ruiz Rodríguez
8094,Marta,Iglesias Gómez
8095,Javier,Alonso Gil
8096,Mario,Cortés Cruz
8097,Nicolás,Álvarez Rodríguez
8098,Daniel,Fernández Álvarez
8099,Alba,Cortés Rodríguez
8100,Marcos,Cano Molina
8101,Iván,Blanco Méndez
8102,Alba,López García
8103,Óscar,Rodríguez Prieto
8104,Óscar,Méndez Fernández
8105,Adriana,Martín Cano
8106,Sergio,Vázquez Castillo
8107,Lucía,Cortés Alonso
8108,Daniel,Cano González
8109,Marta,Castillo Ramos
8110,Claudia,Sanz García
8111,Marcos,Gutiérrez Castro
8112,Elena,Ortega Morales
8113,Hugo,Vázquez Sanz
8114,Manuel,Castro Molina
8115,Eva,Guerrero Gutiérrez
8116,Elena,Torres Muñoz
8117,Javier,Romero Morales
8118,Carmen,Prieto Navarro
8119,Eva,Díaz Moreno
8120,Lucía,Álvarez Blanco
8121,Diego,Rodríguez Iglesias
8122,Eva,Jiménez Hernández
8123,Adriana,Hernández Suárez
8124,Diego,Morales Iglesias
8125,Mario,Ruiz Gómez
8126,María,Rubio Fernández
8127,Eva,Jiménez Medina
8128,Carmen,Martínez Pérez
8129,Sergio,Hernández Pérez
8130,Adrián,Méndez Fernández
8131,Marcos,Medina Castillo
8132,Diego,Calvo Díaz
8133,Manuel,Ortega Torres
8134,Aitana,Rubio Hernández
8135,Pablo,Ortega Prieto
8136,Raquel,González Calvo
8137,Manuel,Iglesias Gil
8138,Adriana,Delgado Serrano
8139,Javier,Castro Suárez
8140,Antonio,González López
8141,Alba,Cortés Fernández
8142,Hugo,Suárez Morales
8143,Manuel,Morales Martín
8144,Diego,Rubio González
8145,Hugo,Cano Vázquez
8146,Aitana,Muñoz Castro
8147,Hugo,Cruz Morales
8148,Álvaro,Sánchez Domínguez
8149,Elena,Martínez Ruiz
8150,Hugo,Rubio Moreno
8151,Adriana,Álvarez Álvarez
8152,Daniel,Gómez Guerrero
8153,Miguel,Domínguez Álvarez
8154,Javier,Blanco Hernández
8155,Miguel,Medina Iglesias
8156,Rubén,Sánchez Calvo
8157,Julia,Domínguez Marín
8158,Mario,Ramos Sanz
8159,Marcos,Torres Suárez
8160,Elena,Marín Gil
8161,Marcos,Sánchez Ortega
8162,Daniela,López Castro
8163,Javier,Sánchez Hernández
8164,David,Guerrero Muñoz
8165,María,Rubio Sánchez
8166,Laura,Lozano Ortega
8167,Iván,Calvo Martínez
8168,Claudia,López Navarro
8169,Óscar,Moreno Cruz
8170,Jorge,Moreno Sánchez
8171,Adrián,Suárez Cruz
8172,Adrián,Martín Ortega
8173,Rubén,Méndez Muñoz
8174,Manuel,Serrano Díaz
8175,David,Navarro Martínez
8176,Eva,Ramos Jiménez
8177,Iván,Gómez Medina
8178,Daniel,Gómez Lozano
8179,Nicolás,Romero Lozano
8180,Laura,Díaz Sanz
8181,Manuel,Iglesias Blanco
8182,Daniela,Rubio García
8183,Hugo,Fernández Guerrero
8184,Daniela,Rodríguez Prieto
8185,Marcos,Ruiz Romero
8186,Sergio,Iglesias López
8187,Carmen,Hernández Iglesias
8188,Óscar,Ortiz Hernández
8189,Óscar,Vázquez Rodríguez
8190,Álvaro,Álvarez Serrano
8191,Lucía,Cano Cano
8192,Daniela,Guerrero Iglesias
8193,Manuel,Rubio Méndez
8194,Mario,Pérez Díaz
8195,María,Sánchez Moreno
8196,Álvaro,Suárez Vázquez
8197,Óscar,Castro López
8198,Mario,Lozano Iglesias
8199,Paula,Guerrero Cano
8200,Raquel,Muñoz Díaz
8201,Claudia,Rodríguez Méndez
8202,Paula,Sánchez Ortiz
8203,Irene,Castro Delgado
8204,Óscar,Romero Delgado
8205,Marcos,Martín Díaz
8206,Daniel,Calvo Blanco
8207,Rubén,Guerrero Fernández
8208,Alba,Álvarez Muñoz
8209,Raquel,Pérez Hernández
8210,Adriana,García Morales
8211,Sara,Rodríguez Sanz
8212,Adriana,Iglesias Gil
8213,Marta,Serrano Iglesias
8214,Marcos,Vázquez Calvo
8215,Nicolás,Hernández Sánchez
8216,Antonio,Moreno Fernández
8217,Daniel,Sánchez Navarro
8218,Miguel,Morales Prieto
8219,Elena,Ramos Ruiz
8220,Antonio,Cano Serrano
8221,Iván,Ortega Moreno
8222,Julia,Cortés Santos
8223,David,Gómez Fernández
8224,María,Martínez Prieto
8225,Hugo,Navarro Álvarez
8226,Adrián,Hernández Pérez
8227,Nicolás,Ramos Molina
8228,Alba,Prieto Rubio
8229,Aitana,Ortega Martín
8230,Pablo,Jiménez Navarro
8231,Alejandro,Delgado Castillo
8232,Lucía,Santos Medina
8233,Álvaro,Gutiérrez Ortega
8234,Daniela,Cortés Romero
8235,Claudia,Gutiérrez Álvarez
8236,María,Ruiz Álvarez
8237,Elena,Díaz Cruz
8238,María,Martín Gutiérrez
8239,Sofía,Méndez Iglesias
8240,Elena,Marín Rodríguez
8241,Diego,Cruz Jiménez
8242,Alba,Delgado Gutiérrez
8243,Manuel,Ruiz Rodríguez
8244,Mario,Blanco Prieto
8245,Lucía,Díaz Sánchez
8246,Sara,Sanz González
8247,Iván,Torres Domínguez
8248,Alejandro,Muñoz Suárez
8249,Adrián,Gutiérrez Blanco
8250,Aitana,Sánchez Cruz
8251,Jorge,Ruiz López
8252,Rubén,Serrano Molina
8253,Paula,Navarro Ramos
8254,Sofía,Álvarez Hernández
8255,Sergio,Pérez Sánchez
8256,Paula,Marín Suárez
8257,Miguel,Martínez Martínez
8258,Elena,García Cortés
8259,Mario,Fernández Hernández
8260,Marta,Romero Cortés
8261,Adriana,Suárez Delgado
8262,Hugo,Domínguez Molina
8263,Rubén,Molina Blanco
8264,Aitana,Molina Calvo
8265,Alejandro,Álvarez Sanz
8266,Raquel,Rubio Vázquez
8267,Adrián,Torres Lozano
8268,Lucía,Vázquez Castillo
8269,Pablo,Lozano Morales
8270,Sara,Medina Guerrero
8271,Raquel,Ruiz Lozano
8272,Claudia,Gil Navarro
8273,Óscar,Sánchez Ramos
8274,Álvaro,Sánchez Álvarez
8275,Elena,Gómez Castillo
8276,Lucía,Alonso Vázquez
8277,Irene,Jiménez Prieto
8278,Mario,Morales Álvarez
8279,María,Calvo Díaz
8280,Iván,Pérez Vázquez
8281,Manuel,Muñoz Fernández
8282,María,Vázquez Sanz
8283,Sofía,Calvo Morales
8284,Lucía,Sánchez Ramos
8285,Nuria,Méndez Navarro
8286,Alba,González Alonso
8287,Elena,Rubio Domínguez
8288,Daniel,Rubio Marín
8289,Elena,Santos Serrano
8290,Hugo,Suárez Cano
8291,Hugo,Martínez Muñoz
8292,Raquel,Medina Blanco
8293,Claudia,Ortiz Cano
8294,Óscar,Ruiz Torres
8295,Sara,Blanco Gómez
8296,Daniela,Sanz García
8297,Miguel,Martín Gil
8298,Adrián,Méndez Ortega
8299,Óscar,García Ortiz
8300,Nicolás,Martínez Alonso
8301,Eva,Medina Blanco
8302,Antonio,Gómez Delgado
8303,Sergio,Guerrero Fernández
8304,Hugo,Iglesias Álvarez
8305,Óscar,Gil López
8306,Álvaro,Suárez Álvarez
8307,Manuel,Cortés Moreno
8308,Diego,Castro Méndez
8309,Javier,Blanco Díaz
8310,Nuria,Rodríguez Iglesias
8311,Mario,Serrano Gil
8312,Elena,Rodríguez Gil
8313,Nicolás,Ramos Delgado
8314,Alba,Gil Domínguez
8315,Antonio,Blanco Moreno
8316,Pablo,Blanco Torres
8317,Antonio,Lozano Fernández
8318,Rubén,Serrano Jiménez
8319,Jorge,Suárez Vázquez
8320,Marta,Calvo Prieto
8321,Lucía,Iglesias Guerrero
8322,Marcos,Martín Lozano
8323,Aitana,Ruiz Méndez
8324,Hugo,Álvarez Álvarez
8325,Sofía,Cano Iglesias
8326,Paula,Ruiz Castro
8327,Laura,Sanz Pérez
8328,Sara,Álvarez Sánchez
8329,Marcos,Lozano Delgado
8330,Nuria,González Torres
8331,Elena,Calvo Pérez
8332,Paula,Martín Díaz
8333,Aitana,Martínez Méndez
8334,Manuel,Molina Pérez
8335,Mario,Méndez Blanco
8336,Adrián,Navarro Marín
8337,Alejandro,Marín Rodríguez
8338,Adriana,Ramos Muñoz
8339,Sara,González Domínguez
8340,Óscar,Blanco Moreno
8341,Antonio,Rodríguez Guerrero
8342,Carmen,Cortés Morales
8343,Sofía,Rodríguez Díaz
8344,Sara,Romero Castillo
8345,Eva,Medina Rubio
8346,Andrea,Fernández Guerrero
8347,Carmen,Medina Ruiz
8348,Antonio,Navarro Sánchez
8349,Álvaro,Calvo Lozano
8350,Pablo,Ramos García
8351,Mario,Álvarez López
8352,Jorge,Díaz Domínguez
8353,Rubén,Hernández Morales
8354,Nuria,López Fernández
8355,Hugo,Suárez Marín
8356,Rubén,Delgado Alonso
8357,Iván,Gil Guerrero
8358,Sofía,Torres Hernández
8359,Iván,Medina Martín
8360,Paula,Lozano Cortés
8361,Sara,Marín Santos
8362,Diego,Moreno Torres
8363,Claudia,Martín Ortega
8364,Julia,Pérez Rodríguez
8365,Laura,Delgado Lozano
8366,Sofía,Guerrero Morales
8367,Lucía,Ramos Castro
8368,Sergio,García Jiménez
8369,Adrián,Martín Vázquez
8370,Rubén,Prieto Jiménez
8371,Mario,Blanco Rodríguez
8372,Daniel,Ramos Rodríguez
8373,Manuel,Navarro Molina
8374,Nuria,Romero Domínguez
8375,Iván,Torres Alonso
8376,Paula,Navarro Blanco
8377,Álvaro,Morales Torres
8378,Óscar,López Ruiz
8379,Rubén,Delgado Cano
8380,Marta,González Medina
8381,Adrián,Suárez Torres
8382,Julia,Rodríguez Cano
8383,Adrián,Ruiz Moreno
8384,Aitana,González Morales
8385,Marta,Medina Romero
8386,Antonio,Molina López
8387,Sara,González Domínguez
8388,Iván,Ramos Jiménez
8389,Mario,Ruiz Santos
8390,Alba,Navarro Méndez
8391,David,Alonso Lozano
8392,Antonio,Prieto Rodríguez
8393,Javier,Domínguez Martín
8394,Lucía,Martín García
8395,Mario,Torres Martín
8396,Sergio,Fernández Suárez
8397,Hugo,Muñoz Vázquez
8398,Irene,Morales Alonso
8399,Raquel,Méndez González
8400,Alba,Suárez Cortés
8401,Nuria,Romero Ortega
8402,Jorge,Pérez Gómez
8403,Eva,Ortiz Fernández
8404,Lucía,Jiménez Castro
8405,Pablo,Ortiz Jiménez
8406,Javier,González Castillo
8407,Adriana,Serrano Torres
8408,Rubén,González Gutiérrez
8409,Rubén,Ortiz Calvo
8410,Julia,Castro Guerrero
8411,Pablo,Rubio Sánchez
8412,Javier,Romero Guerrero
8413,Paula,Gil Calvo
8414,Iván,Medina Fernández
8415,María,Álvarez Moreno
8416,Iván,Santos Jiménez
8417,Claudia,Fernández Pérez
8418,María,Santos Moreno
8419,Sara,Gil Prieto
8420,Adriana,Delgado Sánchez
8421,Manuel,Torres Lozano
8422,Javier,Rubio Méndez
8423,Irene,Rodríguez Pérez
8424,Sofía,Sanz Vázquez
8425,Aitana,Fernández Iglesias
8426,Javier,López Castillo
8427,Alba,Guerrero Alonso
8428,María,Romero Lozano
8429,Daniela,Cruz Molina
8430,Óscar,Ortega Castro
8431,Miguel,Vázquez Cruz
8432,Jorge,Fernández Rodríguez
8433,Miguel,Álvarez Medina
8434,Sara,Méndez Blanco
8435,Pablo,Delgado Gil
8436,Marcos,Cruz Iglesias
8437,Alba,Cortés Jiménez
8438,Aitana,Iglesias Moreno
8439,Paula,Guerrero Delgado
8440,Manuel,Cano Cortés
8441,Alejandro,Delgado Marín
8442,Nicolás,Castillo Molina
8443,Claudia,Hernández Guerrero
8444,Andrea,Martín Castro
8445,Alba,Hernández Hernández
8446,Laura,Cano Calvo
8447,Alba,Gil Álvarez
8448,Andrea,Suárez Ramos
8449,Óscar,García Marín
8450,Hugo,Marín Díaz
8451,Marta,Cruz Ortega
8452,Marcos,Lozano Torres
8453,Sofía,Martín González
8454,Irene,Torres Fernández
8455,María,Muñoz Gutiérrez
8456,Laura,Díaz Martín
8457,Sofía,Castro Delgado
8458,Alba,Díaz Muñoz
8459,Adrián,Ruiz Ruiz
8460,Iván,Santos Jiménez
8461,Miguel,Martínez Sanz
8462,Sergio,Muñoz Muñoz
8463,Aitana,Martínez Martínez
8464,Iván,Ortiz Navarro
8465,David,Moreno Guerrero
8466,Iván,Sanz Vázquez
8467,Irene,Alonso Álvarez
8468,Daniela,Suárez Gil
8469,Eva,Suárez Hernández
8470,Manuel,Pérez Ramos
8471,Iván,Fernández Prieto
8472,Miguel,Hernández Gil
8473,Claudia,Lozano Suárez
8474,Irene,Cano Rodríguez
8475,David,Lozano Sanz
8476,Rubén,Alonso Pérez
8477,Adriana,Cruz Álvarez
8478,Paula,Morales Gómez
8479,Hugo,González Castro
8480,Daniel,Díaz Iglesias
8481,Diego,Delgado Ortiz
8482,María,Cano García
8483,David,Guerrero Gil
8484,Julia,Navarro Muñoz
8485,Daniel,Ruiz Marín
8486,Javier,Méndez Ramos
8487,Daniela,Suárez Ruiz
8488,Daniel,Fernández Marín
8489,María,Muñoz Prieto
8490,Mario,Muñoz Rodríguez
8491,Sergio,Gil Sánchez
8492,Julia,Ruiz Cano
8493,Sara,Medina Blanco
8494,Eva,Rodríguez González
8495,Iván,Sánchez Delgado
8496,Andrea,Gómez Díaz
8497,Diego,Ortega Martínez
8498,Antonio,Ortega Calvo
8499,Jorge,Calvo Martín
8500,Eva,González Medina
8501,Sergio,Martínez Díaz
8502,Lucía,Molina Gómez
8503,Nuria,Molina Guerrero
8504,David,González Castro
8505,Daniel,Iglesias Castro
8506,Iván,Morales Ortega
8507,Mario,Medina Delgado
8508,Alejandro,Gutiérrez Sánchez
8509,Carmen,Blanco Moreno
8510,Adrián,Navarro Moreno
8511,Pablo,Castillo Santos
8512,Daniela,Castro Cortés
8513,Jorge,Medina Prieto
8514,Iván,Vázquez Ruiz
8515,Diego,Navarro Navarro
8516,Andrea,Ortiz Cano
8517,Javier,Romero Lozano
8518,Sara,Ruiz Santos
8519,Lucía,Morales Cruz
8520,Sergio,Hernández Hernández
8521,Álvaro,Alonso Guerrero
8522,Paula,Guerrero Jiménez
8523,Alejandro,Domínguez Torres
8524,Sofía,Sánchez Martínez
8525,Rubén,Vázquez Medina
8526,Marta,Ruiz Guerrero
8527,Irene,Moreno Gutiérrez
8528,Elena,Lozano Torres
8529,Nuria,Ortega Sanz
8530,Alba,Martínez Iglesias
8531,Paula,Domínguez Gómez
8532,Nuria,Suárez Cortés
8533,Aitana,Santos Marín
8534,Adriana,Díaz Moreno
8535,Adrián,Alonso Pérez
8536,Antonio,Morales Marín
8537,Rubén,Martín Hernández
8538,Sergio,Díaz Ramos
8539,Andrea,Medina Gutiérrez
8540,Diego,Iglesias Torres
8541,Daniela,Serrano Díaz
8542,Alejandro,Romero Guerrero
8543,David,Castillo Torres
8544,Alba,Calvo Rubio
8545,Aitana,Muñoz Guerrero
8546,Sara,Martínez Delgado
8547,Laura,Alonso Cano
8548,Diego,Sanz Gil
8549,Sara,Molina Álvarez
8550,Eva,Rubio Serrano
8551,Mario,Díaz Cortés
8552,Andrea,Guerrero Calvo
8553,Adrián,Morales Guerrero
8554,Marta,Ramos García
8555,Hugo,Méndez Díaz
8556,Eva,García Martínez
8557,Marta,Calvo Méndez
8558,Nuria,Torres Ruiz
8559,Adriana,Cano Cruz
8560,Antonio,Cortés Rubio
8561,Iván,Moreno Calvo
8562,Andrea,González Medina
8563,Julia,Rodríguez Iglesias
8564,Nicolás,González García
8565,Sara,Ruiz Fernández
8566,Nicolás,Alonso Cruz
8567,Rubén,Cano Gil
8568,Sara,Moreno Gil
8569,Iván,Romero Hernández
8570,David,Hernández Sanz
8571,Daniel,Delgado Ramos
8572,Miguel,Vázquez Lozano
8573,Diego,Alonso Iglesias
8574,Marcos,Martín Sanz
8575,Carmen,Alonso Molina
8576,Carmen,Muñoz Álvarez
8577,Manuel,Delgado Medina
8578,Javier,Gil Suárez
8579,Andrea,Guerrero Pérez
8580,Jorge,Ruiz Martín
8581,Manuel,Marín Cruz
8582,Miguel,Medina Guerrero
8583,Marta,Rodríguez Pérez
8584,Sofía,Fernández Cortés
8585,Diego,Sánchez Domínguez
8586,Daniel,Alonso Muñoz
8587,Miguel,Gil Delgado
8588,Miguel,Martínez Navarro
8589,Laura,Ruiz Calvo
8590,Andrea,Hernández Morales
8591,Aitana,Castro Álvarez
8592,Carmen,Jiménez Cortés
8593,Mario,Sánchez Santos
8594,Nicolás,Moreno Gómez
8595,Iván,Fernández Morales
8596,Nicolás,Vázquez Delgado
8597,Elena,Medina Álvarez
8598,Carmen,Ruiz Blanco
8599,Julia,Delgado Cano
8600,Álvaro,Martín Sánchez
8601,Sofía,Martínez Gómez
8602,María,Romero Ortega
8603,Nuria,Rodríguez Serrano
8604,Diego,Ramos Castro
8605,Sara,Gil Prieto
8606,Paula,Romero Méndez
8607,Claudia,Molina Serrano
8608,Marta,Vázquez Álvarez
8609,Sara,Domínguez Romero
8610,Adrián,Torres Medina
8611,Eva,Medina Gómez
8612,Julia,Torres Álvarez
8613,Sergio,Calvo Fernández
8614,Miguel,Calvo Castillo
8615,Álvaro,Castro Delgado
8616,Javier,Blanco Romero
8617,Rubén,Romero Santos
8618,Sofía,Jiménez Calvo
8619,Paula,Calvo Martín
8620,Carmen,Santos Martín
8621,Claudia,Marín Hernández
8622,Julia,Álvarez Álvarez
8623,Pablo,Navarro Iglesias
8624,Nicolás,Molina Moreno
8625,Marta,Martín Torres
8626,Adrián,Cortés Prieto
8627,Daniel,Rodríguez Calvo
8628,Paula,Lozano Álvarez
8629,Antonio,Ortega Méndez
8630,Pablo,González Moreno
8631,Laura,Vázquez Jiménez
8632,Mario,Jiménez Moreno
8633,David,Morales Moreno
8634,Andrea,Marín Castillo
8635,Elena,Iglesias Navarro
8636,Alejandro,Delgado Romero
8637,David,Lozano Ruiz
8638,David,Martínez Guerrero
8639,Manuel,Delgado Delgado
8640,Óscar,Gutiérrez Sanz
8641,Sergio,Torres López
8642,Raquel,Díaz Suárez
8643,Sofía,Molina Ortiz
8644,Nuria,Sánchez Álvarez
8645,Álvaro,López Suárez
8646,Adrián,López Alonso
8647,Rubén,Díaz Gil
8648,Adriana,Fernández Rodríguez
8649,Daniel,Martínez Fernández
8650,Andrea,Cortés Blanco
8651,Irene,García Ortega
8652,María,García Santos
8653,Eva,Sánchez Santos
8654,Iván,Méndez Pérez
8655,Hugo,Martínez Prieto
8656,Manuel,Molina Ortiz
8657,Marcos,López Suárez
8658,Irene,Pérez Medina
8659,Rubén,Romero Molina
8660,David,Alonso Gil
8661,Raquel,Gutiérrez Gómez
8662,Antonio,Navarro Muñoz
8663,David,Muñoz López
8664,Aitana,Domínguez Cortés
8665,Lucía,Moreno López
8666,Andrea,Serrano Suárez
8667,Sara,Guerrero Álvarez
8668,Sofía,Ortiz Muñoz
8669,Antonio,Blanco Marín
8670,Eva,Ruiz Martínez
8671,María,Ruiz Molina
8672,Álvaro,Martín Guerrero
8673,Paula,Vázquez Iglesias
8674,Aitana,Blanco Gómez
8675,Adriana,Díaz Gutiérrez
8676,Claudia,Muñoz Sánchez
8677,María,Pérez Cortés
8678,Eva,Santos Navarro
8679,Julia,Méndez González
8680,Carmen,Morales Cruz
8681,Hugo,Blanco Cruz
8682,Aitana,Moreno Castillo
8683,Alejandro,Cano Rubio
8684,Paula,Molina Rubio
8685,Sergio,Navarro Alonso
8686,Daniela,Jiménez Fernández
8687,Paula,Moreno Martín
8688,María,Castro Prieto
8689,Daniel,Torres García
8690,Óscar,Gutiérrez Rubio
8691,Diego,Iglesias Castro
8692,Elena,Romero Ortiz
8693,Javier,Gil Blanco
8694,Rubén,Gómez Martín
8695,Óscar,Álvarez Torres
8696,Hugo,Díaz Romero
8697,Nicolás,Méndez Ramos
8698,Claudia,Moreno Alonso
8699,Antonio,Sánchez Blanco
8700,Óscar,Cano Torres
8701,Pablo,Navarro Fernández
8702,Elena,Moreno Cortés
8703,Lucía,Pérez Domínguez
8704,Miguel,Cortés Vázquez
8705,María,Cruz Blanco
8706,Alba,Ortiz Ruiz
8707,Hugo,Guerrero Cortés
8708,Diego,Sanz Ruiz
8709,Sara,Álvarez Gutiérrez
8710,Elena,Guerrero Ruiz
8711,Pablo,Sánchez Gómez
8712,Marta,Méndez Ortiz
8713,Manuel,Pérez Molina
8714,Iván,Díaz Marín
8715,Claudia,Cruz Iglesias
8716,Irene,Sánchez Ortiz
8717,María,Rodríguez Calvo
8718,Sofía,Vázquez Iglesias
8719,Diego,Ruiz Ruiz
8720,Laura,Delgado López
8721,Mario,Rubio Cruz
8722,Lucía,Molina Moreno
8723,Sofía,Cruz Moreno
8724,Óscar,Ortega Muñoz
8725,Sara,Hernández González
8726,Sara,Díaz Cano
8727,Álvaro,Calvo Álvarez
8728,Nicolás,Alonso Molina
8729,Alejandro,Delgado Santos
8730,David,Cano Sánchez
8731,Julia,Sanz Ortega
8732,Rubén,Gutiérrez Hernández
8733,Sofía,Molina Jiménez
8734,Pablo,Prieto Rodríguez
8735,Javier,López García
8736,Mario,Iglesias Vázquez
8737,Eva,Fernández Cano
8738,Elena,Jiménez Serrano
8739,Miguel,García Martínez
8740,David,Ruiz Alonso
8741,Álvaro,Cruz López
8742,Manuel,Cano Vázquez
8743,María,Álvarez Castro
8744,Laura,González Jiménez
8745,Eva,Alonso Rubio
8746,Daniela,Sánchez Torres
8747,Óscar,Jiménez Gutiérrez
8748,Adrián,Castro Romero
8749,Adrián,Calvo Ramos
8750,Nicolás,Moreno Domínguez
8751,Irene,Hernández Ortega
8752,Laura,Ruiz Romero
8753,María,Ramos Calvo
8754,Lucía,Molina Guerrero
8755,Manuel,Castillo Álvarez
8756,Pablo,Alonso Molina
8757,Sara,Moreno Gómez
8758,Raquel,Prieto Moreno
8759,Diego,Ortiz Cano
8760,Nicolás,Ortiz Cruz
8761,Alejandro,Cortés Morales
8762,Pablo,Serrano Lozano
8763,María,Fernández Ramos
8764,Miguel,Romero Castillo
8765,Iván,Blanco Ortega
8766,Alejandro,Rubio Delgado
8767,Julia,Rodríguez López
8768,Paula,González Gómez
8769,Aitana,Iglesias Moreno
8770,David,Fernández Navarro
8771,Irene,Romero Romero
8772,Carmen,González García
8773,Sofía,Lozano Romero
8774,Lucía,Vázquez Calvo
8775,Irene,Cortés Hernández
8776,Elena,Castillo López
8777,Javier,Domínguez Álvarez
8778,Iván,Ruiz Sanz
8779,Mario,Ramos Cortés
8780,Sofía,Sánchez Lozano
8781,Pablo,Cortés Serrano
8782,Diego,Alonso Ruiz
8783,Alejandro,Moreno García
8784,Nicolás,Serrano Alonso
8785,Elena,Lozano Morales
8786,Alejandro,Rubio Martín
8787,Jorge,González Morales
8788,Aitana,Lozano Cano
8789,Nuria,Castillo Martín
8790,Raquel,Gil Molina
8791,Nicolás,Martínez Ortega
8792,Jorge,Martínez Lozano
8793,Antonio,Gómez Martín
8794,Manuel,Castro Iglesias
8795,Marta,Sanz Hernández
8796,Marta,Morales Jiménez
8797,Lucía,Medina Prieto
8798,Carmen,López Álvarez
8799,Marcos,García Álvarez
8800,Daniel,Jiménez Ortega
8801,Elena,Díaz Torres
8802,Alba,Romero Moreno
8803,Hugo,Morales González
8804,Laura,López Morales
8805,Antonio,Méndez López
8806,Diego,Alonso Calvo
8807,Alejandro,Vázquez Morales
8808,Sara,Iglesias Gutiérrez
8809,Pablo,Domínguez Castillo
8810,Raquel,Ortega Gil
8811,Miguel,Iglesias Lozano
8812,Julia,Gil Martín
8813,Claudia,Medina Martín
8814,Raquel,Cano Torres
8815,Adrián,Cortés Marín
8816,Laura,González Navarro
8817,Hugo,Martín Cano
8818,Daniela,Castro García
8819,Raquel,Pérez Lozano
8820,David,Jiménez Muñoz
8821,Daniela,Prieto Martín
8822,Adriana,Muñoz Lozano
8823,Laura,Molina Torres
8824,Elena,Martín Castillo
8825,Paula,Prieto Lozano
8826,Iván,Sanz Pérez
8827,Laura,Rubio Gutiérrez
8828,Daniela,Jiménez Rubio
8829,Pablo,Blanco Iglesias
8830,Elena,Romero Molina
8831,Alejandro,Serrano López
8832,Alejandro,Sánchez Castillo
8833,María,López Álvarez
8834,Adrián,Ortega Medina
8835,Claudia,Ortega Ortega
8836,Andrea,Rubio Suárez
8837,María,Torres Molina
8838,Lucía,Iglesias González
8839,Mario,González Gutiérrez
8840,Hugo,Vázquez Gómez
8841,Julia,Ortega Álvarez
8842,Julia,Rubio Suárez
8843,Sergio,Prieto Torres
8844,Sofía,Ortiz Hernández
8845,Javier,Martínez Fernández
8846,David,Delgado Blanco
8847,Laura,Marín Calvo
8848,Marcos,Moreno Muñoz
8849,Marta,Castillo Ortiz
8850,Óscar,Pérez Domínguez
8851,María,Lozano Ortiz
8852,Paula,Sanz Molina
8853,Rubén,Calvo Gil
8854,Aitana,Rubio Prieto
8855,Lucía,García Hernández
8856,Mario,Ortiz Medina
8857,Elena,González Ortiz
8858,Marcos,Torres Medina
8859,Adriana,Guerrero Lozano
8860,Julia,López Prieto
8861,Rubén,Navarro Torres
8862,Manuel,Morales Morales
8863,Mario,Calvo Martínez
8864,María,Domínguez Moreno
8865,Sara,González Delgado
8866,Daniel,García Iglesias
8867,Sara,Vázquez Cano
8868,Adrián,Molina Lozano
8869,Miguel,Martín Suárez
8870,Diego,García Hernández
8871,Nicolás,Castillo Castro
8872,Eva,Méndez Fernández
8873,Paula,Navarro Castillo
8874,David,Fernández Sánchez
8875,Sara,Suárez Morales
8876,Raquel,Pérez Serrano
8877,Nuria,Romero Hernández
8878,Adrián,Hernández Delgado
8879,Alejandro,Medina Ortega
8880,Daniela,Castillo Martín
8881,Daniel,Blanco Ruiz
8882,Daniel,Morales Gutiérrez
8883,Miguel,Moreno López
8884,Mario,García Muñoz
8885,Hugo,Ortiz Sanz
8886,Pablo,Martín Cruz
8887,Alba,Torres Ortega
8888,Óscar,Díaz Molina
8889,Alba,Pérez Martínez
8890,María,Rodríguez Molina
8891,Andrea,Prieto Moreno
8892,Raquel,Gómez Ramos
8893,Pablo,Cortés Iglesias
8894,Elena,Vázquez García
8895,Alba,Rubio Ortega
8896,Aitana,Díaz Navarro
8897,Sara,Álvarez Molina
8898,Mario,Alonso Castro
8899,Lucía,Sanz González
8900,Laura,Guerrero Muñoz
8901,Marta,Santos Rubio
8902,Aitana,Ramos Guerrero
8903,Andrea,Moreno Lozano
8904,Pablo,Molina Romero
8905,Óscar,Guerrero Sanz
8906,Carmen,Gutiérrez Rubio
8907,Rubén,Gutiérrez Pérez
8908,Manuel,Blanco Cortés
8909,Diego,García Moreno
8910,Marta,Prieto Pérez
8911,Manuel,Hernández Morales
8912,Daniela,Moreno Hernández
8913,Adriana,Jiménez Cruz
8914,Sergio,Sánchez Calvo
8915,Adrián,López Blanco
8916,Diego,Sanz Hernández
8917,Marcos,Blanco Cortés
8918,Sofía,Medina Morales
8919,Nicolás,Calvo Ortiz
8920,Daniel,Álvarez Méndez
8921,Laura,Molina Martín
8922,Hugo,Alonso Castillo
8923,Eva,Castro Serrano
8924,Sergio,Cortés Cruz
8925,Marta,García Castillo
8926,Jorge,Moreno Medina
8927,Irene,Cortés Marín
8928,Paula,Muñoz Cortés
8929,Mario,Rubio Díaz
8930,Andrea,Ortiz Rodríguez
8931,Álvaro,Morales Medina
8932,Daniela,Méndez Cano
8933,Manuel,Castillo Ruiz
8934,Lucía,Lozano Álvarez
8935,Irene,Álvarez Castillo
8936,Javier,Muñoz Méndez
8937,Sara,Ramos González
8938,Antonio,Ortega Ramos
8939,Manuel,Alonso Ortiz
8940,Daniel,Castillo Iglesias
8941,Hugo,Lozano Medina
8942,Andrea,Méndez Hernández
8943,Sofía,García Prieto
8944,Daniel,Gil Méndez
8945,Carmen,García Díaz
8946,Hugo,Gutiérrez Romero
8947,Antonio,Hernández Delgado
8948,Marta,Molina Sánchez
8949,Sergio,Delgado Guerrero
8950,David,Medina Medina
8951,Elena,Vázquez Guerrero
8952,Sofía,Álvarez Moreno
8953,Álvaro,Martínez Romero
8954,Óscar,Medina Calvo
8955,Daniel,Suárez Moreno
8956,Daniela,Molina Prieto
8957,Julia,Iglesias Morales
8958,Raquel,Blanco Moreno
8959,Álvaro,Iglesias Sanz
8960,Miguel,Medina Martínez
8961,Andrea,Cortés Fernández
8962,Hugo,Díaz Guerrero
8963,Carmen,Guerrero Molina
8964,Laura,Fernández Sánchez
8965,Daniel,Castillo Rodríguez
8966,Diego,Castillo Sanz
8967,Raquel,Gil Álvarez
8968,Raquel,Ramos Ortiz
8969,Julia,Fernández Álvarez
8970,Julia,Alonso Vázquez
8971,Sara,Cruz Méndez
8972,David,Díaz García
8973,Alba,Díaz Castro
8974,Carmen,Blanco Martín
8975,Óscar,Rubio Navarro
8976,Nicolás,Martín Serrano
8977,Pablo,Cortés Serrano
8978,Nicolás,Guerrero Ramos
8979,Miguel,López Sanz
8980,Javier,Marín Díaz
8981,Alba,Cruz Cruz
8982,Elena,Torres Pérez
8983,Hugo,Jiménez Torres
8984,Miguel,Suárez Calvo
8985,Pablo,Prieto Iglesias
8986,Iván,Guerrero Lozano
8987,Paula,Rodríguez Molina
8988,Eva,Rodríguez Medina
8989,Manuel,Santos Morales
8990,Manuel,Torres Fernández
8991,Óscar,Cano Rubio
8992,Nuria,Muñoz Ruiz
8993,Raquel,Santos Guerrero
8994,Adriana,Castro Torres
8995,Nicolás,Blanco Suárez
8996,Elena,Ramos Ruiz
8997,Elena,Jiménez Cortés
8998,Elena,Díaz García
8999,Mario,Sanz Álvarez
9000,Miguel,López Morales
9001,Andrea,Vázquez Santos
9002,Rubén,Prieto González
9003,Elena,García Moreno
9004,Adriana,Vázquez Serrano
9005,Julia,Hernández Domínguez
9006,Sara,Rubio Prieto
9007,Lucía,Iglesias Marín
9008,Irene,Molina Santos
9009,Alejandro,Díaz Morales
9010,Daniela,Fernández Martín
9011,Jorge,López Prieto
9012,Raquel,Delgado Gutiérrez
9013,Irene,Hernández Sanz
9014,Laura,Rubio Sánchez
9015,Miguel,Ramos Cortés
9016,Álvaro,Prieto Delgado
9017,Diego,Ortega Ortiz
9018,Adriana,Medina Navarro
9019,Marta,Álvarez Gil
9020,Manuel,Hernández Cortés
9021,Marcos,Morales Pérez
9022,Carmen,Muñoz Medina
9023,Raquel,Gutiérrez Cano
9024,Eva,Jiménez Martín
9025,Mario,Sanz Medina
9026,Jorge,Molina Méndez
9027,Julia,Guerrero Domínguez
9028,Rubén,Moreno Hernández
9029,Pablo,Prieto García
9030,Rubén,Rodríguez Torres
9031,Claudia,Serrano Gil
9032,Marta,Ramos Calvo
9033,Sofía,Morales Ruiz
9034,Sergio,Navarro Lozano
9035,Marcos,Torres Gutiérrez
9036,Adrián,Prieto Muñoz
9037,Paula,Fernández Pérez
9038,Sara,Ramos González
9039,Álvaro,Suárez Navarro
9040,Hugo,Cano Pérez
9041,Nuria,Serrano Martín
9042,Marcos,Méndez Cano
9043,Daniela,Delgado Méndez
9044,Alba,Martín García
9045,Aitana,Sánchez Gutiérrez
9046,Iván,Rubio Ruiz
9047,Nicolás,González Cano
9048,David,Domínguez Cruz
9049,Sergio,González Jiménez
9050,Javier,Martínez Gil
9051,Sara,Ramos Jiménez
9052,Adriana,Martín Blanco
9053,Pablo,Iglesias Gil
9054,Jorge,Martínez Prieto
9055,Diego,Moreno Serrano
9056,Hugo,Ortiz Rubio
9057,Sergio,Castillo Ruiz
9058,Alba,Castro Suárez
9059,Marcos,Cruz Sanz
9060,Pablo,Gómez Morales
9061,Mario,Alonso López
9062,Sergio,Vázquez Prieto
9063,Mario,Cruz Álvarez
9064,Claudia,Serrano Martínez
9065,Irene,Delgado Jiménez
9066,Óscar,Ortega García
9067,Julia,Fernández Iglesias
9068,Laura,Medina Díaz
9069,Hugo,Santos Torres
9070,Paula,Martín Rubio
9071,Rubén,Guerrero Serrano
9072,Andrea,Muñoz Ortiz
9073,Marta,Gutiérrez Suárez
9074,Alba,López Gutiérrez
9075,Nuria,Hernández González
9076,Andrea,Fernández Ortiz
9077,Manuel,González Guerrero
9078,Andrea,Díaz Santos
9079,Adrián,Hernández Castro
9080,Sofía,Vázquez Fernández
9081,Sergio,Muñoz Rodríguez
9082,Paula,Ruiz Sanz
9083,Carmen,Pérez Sánchez
9084,Hugo,Domínguez Alonso
9085,Rubén,Medina Castro
9086,Iván,Ramos Serrano
9087,Óscar,Molina Gómez
9088,Rubén,Molina Delgado
9089,Pablo,Sánchez Marín
9090,Alba,Cruz Morales
9091,Laura,García Ortega
9092,Aitana,Cortés Rodríguez
9093,Carmen,Serrano López
9094,Marcos,Gil Castro
9095,Iván,Moreno Díaz
9096,Raquel,Suárez Rodríguez
9097,Laura,Vázquez Morales
9098,Iván,Martínez Guerrero
9099,Laura,Guerrero Moreno
9100,Carmen,Guerrero Martín
9101,Miguel,López Santos
9102,Iván,Ortiz Fernández
9103,Daniela,Castillo Castro
9104,Sergio,Torres Fernández
9105,Andrea,Méndez Molina
9106,Eva,Jiménez Suárez
9107,Sofía,Ruiz Rodríguez
9108,Sergio,Prieto Sanz
9109,Jorge,Martínez Jiménez
9110,Diego,Sánchez Álvarez
9111,Adrián,Cano Moreno
9112,Nuria,Domínguez Rodríguez
9113,Pablo,Blanco Cano
9114,Marcos,Delgado Rubio
9115,Claudia,Ramos Blanco
9116,Daniel,García Torres
9117,Miguel,Cortés Ramos
9118,Manuel,Sánchez Santos
9119,María,González Ruiz
9120,Diego,Ortiz López
9121,Jorge,Rubio Iglesias
9122,Carmen,Romero Marín
9123,Julia,Cruz Castro
9124,Jorge,Martín Gil
9125,Adriana,Díaz Serrano
9126,Daniela,Prieto Ramos
9127,Rubén,Lozano Gil
9128,Adriana,Jiménez Calvo
9129,Nuria,Sánchez Lozano
9130,Alejandro,Díaz Castillo
9131,Paula,Alonso García
9132,Adriana,Domínguez Serrano
9133,Claudia,Méndez Santos
9134,Mario,Ortiz Santos
9135,Lucía,Guerrero Blanco
9136,Jorge,García Cruz
9137,Sara,Cano Pérez
9138,Manuel,Cano Medina
9139,Sara,Serrano Morales
9140,Rubén,Ruiz Sanz
9141,Marta,Serrano Blanco
9142,Daniela,Cano González
9143,David,Moreno Castro
9144,Lucía,Sánchez Hernández
9145,María,Ortiz Martínez
9146,David,Marín Méndez
9147,Nuria,Iglesias Alonso
9148,Adriana,Molina Hernández
9149,Sara,Serrano Suárez
9150,Adriana,Blanco Castillo
9151,Raquel,Ramos Torres
9152,Daniel,Cruz Torres
9153,Raquel,Sánchez Gutiérrez
9154,Sergio,Iglesias Méndez
9155,Lucía,Rubio Moreno
9156,David,Martínez Alonso
9157,Miguel,Álvarez Cortés
9158,Andrea,Calvo Lozano
9159,Rubén,Alonso Morales
9160,David,Rodríguez Martínez
9161,Rubén,Romero González
9162,Iván,Álvarez Muñoz
9163,Elena,Medina Molina
9164,Marcos,Ruiz Rubio
9165,Iván,Molina Sánchez
9166,Alejandro,Cortés Alonso
9167,Adriana,Cruz Cano
9168,Miguel,Martínez Medina
9169,Rubén,Prieto Ortega
9170,Irene,Díaz García
9171,Pablo,Fernández Moreno
9172,Álvaro,Ramos Jiménez
9173,Carmen,Domínguez Ortega
9174,Adriana,González Pérez
9175,Sofía,Serrano Torres
9176,Irene,Molina Ruiz
9177,Eva,Jiménez Guerrero
9178,Julia,Marín Iglesias
9179,Aitana,Torres Domínguez
9180,Marta,Martín Álvarez
9181,María,Méndez Gutiérrez
9182,Jorge,Prieto González
9183,Jorge,Molina Cortés
9184,Laura,Alonso Guerrero
9185,Adriana,Rodríguez Rubio
9186,María,López Alonso
9187,Diego,Torres López
9188,Carmen,Vázquez García
9189,Mario,Ortiz Blanco
9190,Daniela,Delgado Sanz
9191,Claudia,Castillo Gutiérrez
9192,Marcos,García Calvo
9193,Julia,Ortega Cano
9194,Irene,Calvo Pérez
9195,María,Ortiz Delgado
9196,Elena,Navarro Vázquez
9197,Adrián,Sanz Ortega
9198,Lucía,Castro Delgado
9199,Marta,Lozano Martínez
9200,Irene,González Lozano
9201,Nicolás,López Moreno
9202,Óscar,Cruz González
9203,Javier,Torres González
9204,Daniel,Jiménez Guerrero
9205,Irene,Martínez Prieto
9206,Adrián,Cruz Rodríguez
9207,Claudia,Méndez Medina
9208,Adrián,Molina Guerrero
9209,Claudia,Gutiérrez Santos
9210,Laura,Calvo Hernández
9211,Rubén,Hernández Cruz
9212,Lucía,Torres Alonso
9213,Eva,Blanco Rubio
9214,Nuria,Blanco Torres
9215,Irene,Domínguez Gutiérrez
9216,Diego,Calvo Rubio
9217,Iván,Suárez Gutiérrez
9218,Nuria,Ortega Blanco
9219,Iván,González Blanco
9220,Andrea,Santos Torres
9221,Daniel,Gil Jiménez
9222,Alba,García Castro
9223,Daniel,Iglesias Prieto
9224,Hugo,Rodríguez González
9225,Hugo,Torres Ramos
9226,Antonio,Rubio Sánchez
9227,Alejandro,Serrano Medina
9228,Daniela,Alonso Ortega
9229,Sergio,Fernández Navarro
9230,María,Rubio Blanco
9231,Mario,González Díaz
9232,Irene,Domínguez Castillo
9233,Manuel,Prieto Díaz
9234,Paula,Vázquez Delgado
9235,María,Molina Serrano
9236,Elena,Domínguez Fernández
9237,Sara,Vázquez Calvo
9238,Claudia,Díaz Rodríguez
9239,Daniel,Castro González
9240,Elena,Jiménez Vázquez
9241,Rubén,Moreno Prieto
9242,Aitana,Lozano Marín
9243,Mario,Blanco Blanco
9244,Manuel,Pérez Hernández
9245,Iván,Moreno Marín
9246,Sofía,Sánchez Cortés
9247,Rubén,Cruz Hernández
9248,Sara,Prieto Morales
9249,Mario,Gil Serrano
9250,Carmen,Muñoz González
9251,Antonio,Lozano Hernández
9252,Andrea,Domínguez Rubio
9253,Álvaro,Martínez Ruiz
9254,María,González Castro
9255,Marta,Delgado Ortega
9256,Lucía,Domínguez Cortés
9257,Claudia,García Cano
9258,Nuria,González Hernández
9259,Jorge,Romero Martínez
9260,Javier,Sanz Serrano
9261,Manuel,Ortega Prieto
9262,Laura,Sánchez Castro
9263,Daniela,Alonso Alonso
9264,Diego,Morales Blanco
9265,Alba,Hernández Gómez
9266,Javier,Gil Santos
9267,Marcos,Ortega Pérez
9268,Adriana,Castillo Rubio
9269,Rubén,González Rubio
9270,Rubén,Méndez Cruz
9271,Adrián,Castro Rubio
9272,Irene,Marín Fernández
9273,Pablo,García Prieto
9274,Iván,Hernández Santos
9275,Nicolás,Calvo Vázquez
9276,Julia,Calvo Pérez
9277,Daniela,Delgado Serrano
9278,Lucía,Medina Gil
9279,Hugo,Méndez Guerrero
9280,Aitana,Santos Iglesias
9281,Marcos,Ruiz Castillo
9282,David,Moreno Jiménez
9283,Lucía,Morales Hernández
9284,Carmen,Romero Martínez
9285,Sara,Martín Marín
9286,Sara,Suárez Ortiz
9287,Nuria,Castillo Hernández
9288,Sergio,González Gil
9289,Adriana,Ortega Blanco
9290,Manuel,Gutiérrez Rubio
9291,María,Marín Moreno
9292,Mario,Martínez Cano
9293,Julia,Molina Cano
9294,Alejandro,Lozano Lozano
9295,Rubén,Navarro Fernández
9296,Claudia,Hernández López
9297,Sofía,Gutiérrez Díaz
9298,Irene,Ortega Iglesias
9299,Sofía,Morales Domínguez
9300,Álvaro,García Calvo
9301,Adriana,Santos Ruiz
9302,Carmen,Gómez Cano
9303,Claudia,Cano Rubio
9304,Rubén,Muñoz Vázquez
9305,Daniela,Suárez Cortés
9306,Antonio,Méndez Morales
9307,Alejandro,Gómez Cano
9308,Pablo,Alonso Ruiz
9309,Adriana,Rubio Martín
9310,Claudia,Castro Castro
9311,Andrea,Guerrero Medina
9312,Sara,Martínez Muñoz
9313,Laura,Romero Martínez
9314,Julia,Delgado Cano
9315,María,Jiménez Ortiz
9316,Claudia,Álvarez Gómez
9317,Iván,Pérez Cortés
9318,Marta,Sánchez Hernández
9319,Jorge,Ortega Torres
9320,Manuel,Moreno Cruz
9321,Adrián,Marín Domínguez
9322,Raquel,Álvarez Fernández
9323,Diego,Ramos Fernández
9324,María,Navarro Delgado
9325,Daniela,Moreno Medina
9326,Nicolás,Blanco Gutiérrez
9327,Sofía,Sánchez Sánchez
9328,Jorge,Suárez García
9329,Rubén,Torres Calvo
9330,Julia,Domínguez González
9331,Claudia,Rodríguez Santos
9332,Adriana,Cortés Guerrero
9333,Raquel,Pérez Moreno
9334,Marcos,Ortega Álvarez
9335,Daniel,Morales Gómez
9336,Claudia,Gutiérrez Sanz
9337,Miguel,Rubio García
9338,Paula,Moreno Ruiz
9339,Julia,Gutiérrez Ortega
9340,Alejandro,Díaz Vázquez
9341,Daniel,Santos Medina
9342,María,Ortega Gutiérrez
9343,Alejandro,Méndez Blanco
9344,Álvaro,Gutiérrez Serrano
9345,Sara,Romero Serrano
9346,Adriana,Díaz Iglesias
9347,Paula,Ortiz Sánchez
9348,Eva,Cruz Prieto
9349,Nicolás,Cruz Ortiz
9350,Óscar,Álvarez Castro
9351,Aitana,Serrano Gil
9352,Diego,Romero Molina
9353,Sergio,Fernández Rodríguez
9354,Óscar,Gil Domínguez
9355,Hugo,Cano Ortega
9356,Adrián,Cruz Alonso
9357,Sofía,Méndez Santos
9358,Pablo,Sánchez Alonso
9359,Lucía,Martín Lozano
9360,Carmen,Cruz Domínguez
9361,Marcos,Marín Jiménez
9362,Lucía,Romero Torres
9363,Jorge,Muñoz Romero
9364,Mario,Díaz Cruz
9365,Eva,Lozano Blanco
9366,Laura,García Martínez
9367,Lucía,Sanz Moreno
9368,Sofía,Iglesias Ortiz
9369,Aitana,Jiménez Jiménez
9370,Sara,Torres Álvarez
9371,Irene,Ortiz Rodríguez
9372,Diego,Gutiérrez Ortega
9373,Lucía,Domínguez Santos
9374,Mario,Lozano Castro
9375,Óscar,González Lozano
9376,Aitana,Álvarez Fernández
9377,Aitana,Vázquez Torres
9378,Eva,Gómez Díaz
9379,Pablo,Castillo González
9380,Diego,Castro Hernández
9381,Elena,Rodríguez Martín
9382,Raquel,Prieto López
9383,Alejandro,Iglesias Jiménez
9384,Diego,Castillo Ortega
9385,Jorge,Delgado Ruiz
9386,Paula,Méndez Ramos
9387,Alba,Moreno Ramos
9388,Álvaro,Martín Gil
9389,Óscar,Rubio Gómez
9390,Elena,Torres Martín
9391,Eva,Martínez Suárez
9392,Lucía,Ortega Guerrero
9393,Nicolás,Santos Ramos
9394,Adriana,Álvarez Torres
9395,Elena,Molina Rubio
9396,Raquel,Morales González
9397,Marta,Álvarez Cortés
9398,Manuel,Medina Moreno
9399,Adrián,Díaz Vázquez
9400,Alejandro,Gutiérrez Jiménez
9401,Álvaro,Sanz Gómez
9402,Daniela,Prieto Blanco
9403,Aitana,Santos Fernández
9404,Pablo,Ramos Sanz
9405,Aitana,Torres Marín
9406,Rubén,Rubio González
9407,Claudia,Martín Morales
9408,Elena,Gutiérrez Pérez
9409,Elena,Hernández Moreno
9410,Óscar,Martín Sánchez
9411,Javier,Blanco Castro
9412,Óscar,Rodríguez Lozano
9413,Andrea,Moreno Medina
9414,Antonio,Gómez Hernández
9415,Sofía,Rubio Ortiz
9416,Raquel,Martínez Cano
9417,Aitana,Lozano Navarro
9418,Eva,Lozano Ortega
9419,Javier,Navarro Rodríguez
9420,Nicolás,Cano Moreno
9421,Pablo,Ortiz Rubio
9422,Claudia,Lozano Méndez
9423,David,Martínez Cortés
9424,Nuria,Torres Navarro
9425,Diego,Cruz Gómez
9426,Marcos,Alonso Molina
9427,Álvaro,Vázquez Ruiz
9428,Marta,Blanco Lozano
9429,Daniel,Gómez Gómez
9430,Raquel,Álvarez Muñoz
9431,Hugo,Serrano Sanz
9432,Sofía,Guerrero Iglesias
9433,Miguel,Díaz Molina
9434,Iván,Vázquez Gil
9435,Daniela,Iglesias Alonso
9436,Marcos,Díaz Serrano
9437,Adriana,Domínguez Navarro
9438,Marta,Romero Cruz
9439,Álvaro,Prieto López
9440,Pablo,Morales Cortés
9441,Sergio,Pérez Muñoz
9442,Antonio,Domínguez Álvarez
9443,Marcos,Ruiz Santos
9444,Javier,Sánchez Medina
9445,Marcos,Muñoz Rodríguez
9446,David,Méndez Rubio
9447,Aitana,Suárez Jiménez
9448,Óscar,González Romero
9449,Antonio,Prieto Prieto
9450,Daniel,Ortiz Rubio
9451,Sergio,López Díaz
9452,Rubén,Morales Prieto
9453,Elena,Lozano Domínguez
9454,Irene,Sanz Hernández
9455,Laura,Guerrero Guerrero
9456,Irene,Ramos Rodríguez
9457,Miguel,Romero Delgado
9458,Marta,Morales Cano
9459,Sergio,Sanz García
9460,Álvaro,Ramos Sánchez
9461,Álvaro,Rubio Molina
9462,María,Iglesias Lozano
9463,Raquel,Gómez Castro
9464,Adrián,Martínez Álvarez
9465,Mario,Gómez López
9466,Antonio,Díaz Ortega
9467,Jorge,Molina Delgado
9468,Daniel,Morales Martínez
9469,Marcos,Delgado Muñoz
9470,Jorge,Díaz Calvo
9471,Óscar,Romero González
9472,Manuel,Marín Castro
9473,Sergio,Lozano Morales
9474,Julia,Sánchez Ramos
9475,Sergio,Ortiz Álvarez
9476,Óscar,Fernández Díaz
9477,Julia,Gil Iglesias
9478,Rubén,Díaz Moreno
9479,Claudia,Gil Guerrero
9480,Eva,Castro Moreno
9481,María,Torres Romero
9482,Paula,Suárez Sánchez
9483,Andrea,Ruiz Rodríguez
9484,Carmen,Prieto Martín
9485,Claudia,Prieto Hernández
9486,Aitana,Iglesias Álvarez
9487,Claudia,Molina Vázquez
9488,Daniela,Gutiérrez Martín
9489,Iván,Prieto Fernández
9490,Andrea,Pérez Martín
9491,Antonio,Rubio Vázquez
9492,David,Delgado Moreno
9493,Carmen,Cruz González
9494,Sofía,López Romero
9495,Óscar,Santos Cortés
9496,Eva,Lozano Pérez
9497,Mario,Serrano Martín
9498,Carmen,Castro Ortiz
9499,Laura,García Fernández
9500,Daniel,Gómez Blanco
9501,Rubén,Santos Martínez
9502,Nicolás,Martínez Gómez
9503,Nuria,Ruiz García
9504,Nuria,Molina Gutiérrez
9505,Sofía,Gutiérrez Suárez
9506,Diego,Gutiérrez Pérez
9507,Óscar,Iglesias Navarro
9508,Marta,Gómez Ramos
9509,Claudia,Serrano Gómez
9510,Elena,Cruz Torres
9511,Diego,Rodríguez Vázquez
9512,Miguel,Rubio Martínez
9513,Hugo,Ruiz Blanco
9514,Hugo,Pérez Moreno
9515,Antonio,Domínguez Martín
9516,Antonio,Rubio Vázquez
9517,Eva,Gómez Lozano
9518,Marcos,Medina Rubio
9519,Alejandro,Torres Guerrero
9520,Javier,Moreno Fernández
9521,Alejandro,Medina Martínez
9522,Eva,Cano Iglesias
9523,Marta,Álvarez Jiménez
9524,Marcos,Romero Domínguez
9525,Adrián,Moreno Castro
9526,Daniela,Hernández Morales
9527,Jorge,Castro Calvo
9528,Alba,Castro Álvarez
9529,Marcos,Rodríguez Martín
9530,Óscar,López Molina
9531,Marta,Álvarez Martín
9532,Paula,Guerrero Gómez
9533,Miguel,Castro Ramos
9534,Julia,Martínez Gómez
9535,Sara,Sánchez Cruz
9536,Pablo,Ortega Fernández
9537,Mario,Díaz Ruiz
9538,Carmen,Gómez Méndez
9539,Irene,Serrano Santos
9540,Antonio,Castro Ruiz
9541,Eva,Moreno Méndez
9542,Óscar,López Martínez
9543,Rubén,Calvo Navarro
9544,Marta,Vázquez Muñoz
9545,Marta,Lozano Sánchez
9546,Adrián,Gutiérrez Ramos
9547,Hugo,Guerrero Ramos
9548,Alejandro,Guerrero Navarro
9549,Jorge,Gutiérrez García
9550,Carmen,Méndez Jiménez
9551,Javier,Santos Cortés
9552,Javier,Domínguez Álvarez
9553,Adrián,Gutiérrez López
9554,Manuel,Delgado Navarro
9555,Jorge,Fernández López
9556,Adriana,Serrano Ortiz
9557,Antonio,Serrano Guerrero
9558,Aitana,Rodríguez Blanco
9559,Iván,Castillo Domínguez
9560,Alejandro,López Santos
9561,Antonio,Martín Ortega
9562,Carmen,Jiménez González
9563,Mario,Sánchez Prieto
9564,Elena,Domínguez Castillo
9565,Laura,Vázquez Lozano
9566,Daniel,Torres Blanco
9567,Iván,Alonso Delgado
9568,Hugo,Rubio Marín
9569,Adrián,González Navarro
9570,Nuria,Pérez Cruz
9571,Aitana,Guerrero García
9572,Elena,Cortés Gutiérrez
9573,Alejandro,Castro Fernández
9574,Manuel,Marín González
9575,Jorge,Marín Calvo
9576,Adriana,Ramos Martínez
9577,Claudia,Domínguez Rubio
9578,Lucía,Calvo Castillo
9579,Javier,Santos Martínez
9580,Diego,Rodríguez Domínguez
9581,Pablo,Ramos Serrano
9582,Sara,Ortiz García
9583,Hugo,Méndez Méndez
9584,David,Alonso Domínguez
9585,Iván,Hernández Muñoz
9586,Nicolás,Alonso Santos
9587,Pablo,Serrano Castillo
9588,Sergio,Castro Castro
9589,Javier,Martínez Álvarez
9590,Miguel,Ramos Blanco
9591,Aitana,Sanz Domínguez
9592,Paula,Morales Molina
9593,Álvaro,Muñoz Suárez
9594,Lucía,Iglesias Sánchez
9595,Irene,Cruz Martín
9596,Jorge,Guerrero Rubio
9597,Álvaro,Gil Rodríguez
9598,Diego,Calvo Martín
9599,Alejandro,Pérez Martínez
9600,Adrián,Gil Lozano
9601,Nuria,Gutiérrez Martínez
9602,Irene,Suárez Iglesias
9603,Alejandro,Molina Jiménez
9604,Hugo,Delgado Jiménez
9605,Antonio,Méndez Castillo
9606,Adriana,Jiménez Lozano
9607,Julia,Alonso Martín
9608,Óscar,Castillo Ortiz
9609,Sergio,Torres Vázquez
9610,Andrea,Sánchez Fernández
9611,Nuria,Castro Iglesias
9612,Raquel,Ruiz Gómez
9613,Nuria,Hernández Ortiz
9614,Julia,Moreno Domínguez
9615,Sara,Rodríguez Romero
9616,Miguel,Romero Vázquez
9617,Lucía,Pérez Marín
9618,Diego,Morales Delgado
9619,Daniel,López Moreno
9620,Lucía,Sanz Lozano
9621,Raquel,Calvo Navarro
9622,David,Romero Pérez
9623,Adrián,Méndez Méndez
9624,Daniel,Torres Martínez
9625,Rubén,Domínguez Vázquez
9626,Elena,Fernández Muñoz
9627,Alejandro,Álvarez Serrano
9628,Adrián,Domínguez Ortiz
9629,Marcos,Martínez Blanco
9630,Marcos,Díaz Martínez
9631,Carmen,Alonso Castro
9632,Paula,Gutiérrez Moreno
9633,Alba,Cano Navarro
9634,Raquel,Domínguez Jiménez
9635,Pablo,Jiménez Fernández
9636,David,Ruiz Romero
9637,Elena,Lozano Serrano
9638,Álvaro,Álvarez Medina
9639,Iván,Sanz Domínguez
9640,Rubén,Navarro Pérez
9641,Adriana,Serrano Martínez
9642,Carmen,Vázquez Álvarez
9643,Raquel,Ramos Cruz
9644,Alejandro,Ortiz Rodríguez
9645,Lucía,Serrano Martínez
9646,Hugo,Fernández Fernández
9647,Manuel,Santos Cano
9648,Laura,Gutiérrez Ortiz
9649,Elena,Fernández Cruz
9650,Nuria,Castillo Ruiz
9651,María,Rubio Lozano
9652,Laura,Torres Moreno
9653,Sergio,Molina Romero
9654,Alejandro,Cano García
9655,Miguel,Serrano López
9656,María,Muñoz Ramos
9657,Álvaro,Prieto González
9658,Julia,Santos Ruiz
9659,Iván,Morales Rodríguez
9660,Sergio,Ortega Díaz
9661,Miguel,Moreno Sánchez
9662,Adrián,Guerrero Guerrero
9663,Lucía,Prieto Suárez
9664,Irene,Díaz Rubio
9665,Marcos,Álvarez Hernández
9666,Alba,Pérez Muñoz
9667,Iván,Cano Cano
9668,Marcos,Suárez Iglesias
9669,Laura,Sánchez Delgado
9670,Julia,Castro Moreno
9671,Pablo,Vázquez Domínguez
9672,Alejandro,Alonso García
9673,Lucía,Ortiz Suárez
9674,Nuria,Alonso Hernández
9675,Daniela,Prieto Gómez
9676,Rubén,Rubio Cano
9677,Andrea,Ramos Cortés
9678,Raquel,Álvarez Medina
9679,Daniel,Ruiz Cortés
9680,Adriana,Suárez Ortega
9681,Carmen,Ruiz Gutiérrez
9682,Elena,Rubio Rubio
9683,Daniel,Santos Jiménez
9684,Javier,Ramos Fernández
9685,Marta,Ruiz Pérez
9686,Sergio,Jiménez Medina
9687,Álvaro,Cortés Muñoz
9688,Diego,Pérez Ramos
9689,Nuria,Castro Serrano
9690,Aitana,González Muñoz
9691,Pablo,Cano Muñoz
9692,Daniela,Ortega López
9693,Claudia,González Sánchez
9694,Daniel,Delgado Rodríguez
9695,David,Ortiz Sánchez
9696,Hugo,García González
9697,Diego,López Calvo
9698,Claudia,Marín Rodríguez
9699,Mario,Blanco Castillo
9700,Álvaro,Delgado García
9701,Jorge,Sanz Molina
9702,David,Morales Ortiz
9703,Andrea,Romero Hernández
9704,Andrea,Álvarez García
9705,Alejandro,Muñoz Gil
9706,Carmen,Méndez Prieto
9707,Lucía,Blanco Alonso
9708,Marta,Romero Castillo
9709,Mario,González González
9710,Andrea,Lozano Iglesias
9711,Lucía,Moreno Domínguez
9712,Daniela,Jiménez López
9713,Sofía,Rodríguez Moreno
9714,Iván,Calvo Morales
9715,Elena,Marín Martín
9716,Julia,Ramos González
9717,Diego,Morales López
9718,Daniela,Jiménez Hernández
9719,Paula,Castillo Gil
9720,Laura,Suárez Cano
9721,Diego,Álvarez Morales
9722,Irene,Romero Santos
9723,Marcos,Gómez López
9724,Nuria,Marín Cano
9725,Sofía,Serrano Ramos
9726,Jorge,Marín Ramos
9727,Diego,Sanz Díaz
9728,Daniela,González Martín
9729,Daniel,Morales Santos
9730,Adrián,Gil Molina
9731,Andrea,Gutiérrez Vázquez
9732,Lucía,Castillo Blanco
9733,Marcos,Cortés Martín
9734,Nuria,Hernández Iglesias
9735,María,Medina Pérez
9736,Julia,Blanco Ruiz
9737,Raquel,Pérez Romero
9738,Lucía,Lozano Ortiz
9739,Julia,Domínguez García
9740,Pablo,Castillo Hernández
9741,Alba,Morales Molina
9742,Diego,Guerrero Ramos
9743,Daniel,Álvarez Molina
9744,Carmen,Ortiz Gil
9745,Raquel,Iglesias Alonso
9746,Hugo,Cruz Blanco
9747,Sergio,Santos González
9748,Manuel,Méndez Sánchez
9749,Daniela,Moreno López
9750,Elena,Muñoz Gil
9751,David,Fernández Ramos
9752,Paula,Gutiérrez Hernández
9753,Aitana,Ruiz Domínguez
9754,Alejandro,López Navarro
9755,Carmen,López Martínez
9756,Iván,Muñoz Cortés
9757,Paula,Lozano Delgado
9758,Andrea,Ortiz Marín
9759,Paula,Ruiz Calvo
9760,Hugo,Gil Medina
9761,Julia,Lozano Alonso
9762,Paula,Rodríguez Marín
9763,Pablo,Morales Iglesias
9764,Hugo,Cortés Gómez
9765,Jorge,Castillo González
9766,Laura,Ortiz Pérez
9767,Javier,Morales Gutiérrez
9768,Miguel,Guerrero Delgado
9769,Hugo,Ruiz Martínez
9770,Raquel,Navarro López
9771,Óscar,Rodríguez Vázquez
9772,Daniel,Blanco Cortés
9773,Carmen,Lozano Suárez
9774,Aitana,González Hernández
9775,Álvaro,Gómez Molina
9776,Alejandro,Cano Gutiérrez
9777,Laura,Ortiz Lozano
9778,Hugo,Cortés Hernández
9779,Daniel,Pérez Gómez
9780,Alba,Castillo Alonso
9781,Claudia,Cano García
9782,Nuria,Domínguez Martín
9783,Sara,Ruiz Ruiz
9784,Javier,Fernández Iglesias
9785,Manuel,Rubio Muñoz
9786,Pablo,Ortiz González
9787,Nuria,Rodríguez Serrano
9788,Irene,Torres Lozano
9789,Mario,Álvarez Delgado
9790,Nicolás,Cruz Gómez
9791,Adrián,Ortiz Castro
9792,Óscar,Cruz Ruiz
9793,Pablo,Serrano Cano
9794,Sara,Morales Ortega
9795,Iván,Ramos Suárez
9796,Sofía,Serrano Castillo
9797,Mario,García Pérez
9798,Nuria,Vázquez Suárez
9799,Julia,Blanco Romero
9800,Javier,Blanco Martínez
9801,Lucía,Fernández Cano
9802,Antonio,Iglesias Ortega
9803,Adrián,Pérez Ramos
9804,Rubén,Marín Santos
9805,Eva,Ortega Méndez
9806,Iván,Calvo Torres
9807,Mario,Marín Rodríguez
9808,Sofía,Marín Méndez
9809,Aitana,Ortega Rodríguez
9810,Adriana,Martín González
9811,Elena,Ruiz Vázquez
9812,Andrea,Gómez Morales
9813,Claudia,López Molina
9814,Carmen,Pérez Sánchez
9815,Elena,Domínguez Prieto
9816,Diego,Pérez Medina
9817,Raquel,Medina Torres
9818,Álvaro,Rubio Gil
9819,Miguel,Alonso Muñoz
9820,Andrea,Castillo González
9821,Alejandro,Guerrero Romero
9822,Rubén,Pérez Prieto
9823,Elena,Castillo López
9824,Adriana,Suárez Álvarez
9825,Paula,Pérez Prieto
9826,Mario,Morales Sánchez
9827,Andrea,Santos Blanco
9828,Alejandro,Álvarez García
9829,Marta,Moreno Iglesias
9830,Paula,Delgado Ortiz
9831,Javier,Marín Blanco
9832,Alejandro,Domínguez González
9833,Manuel,Marín Marín
9834,Iván,Gutiérrez Gil
9835,Julia,Jiménez Jiménez
9836,Javier,Muñoz Martínez
9837,Daniela,Jiménez Prieto
9838,Pablo,Lozano Marín
9839,Nuria,Sanz Molina
9840,Adrián,Morales Iglesias
9841,Alba,Martín Rodríguez
9842,Jorge,López Serrano
9843,Hugo,González Morales
9844,Adrián,Suárez Serrano
9845,Manuel,Lozano Muñoz
9846,Diego,Álvarez Moreno
9847,Miguel,López Medina
9848,Julia,Sánchez Gutiérrez
9849,Sofía,Morales Martín
9850,Sergio,Rubio Blanco
9851,Adriana,Ortega García
9852,Lucía,Gil Lozano
9853,Sofía,Gil Cortés
9854,Irene,Medina Rubio
9855,Jorge,González Medina
9856,Sara,Vázquez Cano
9857,Nuria,Marín Alonso
9858,Eva,Martínez Muñoz
9859,Adrián,Rubio Suárez
9860,Sara,Molina Guerrero
9861,Miguel,Morales Calvo
9862,Irene,Muñoz Morales
9863,Mario,Rodríguez Morales
9864,Óscar,Navarro Rodríguez
9865,Aitana,Muñoz Molina
9866,Rubén,Marín Pérez
9867,Pablo,Rodríguez Iglesias
9868,Irene,Moreno Ortega
9869,Daniela,Cano Prieto
9870,Julia,Álvarez Sánchez
9871,Sara,Hernández Prieto
9872,Sergio,Martín Guerrero
9873,Sofía,Lozano Marín
9874,Sergio,González Gil
9875,Claudia,Moreno Delgado
9876,Alba,González Blanco
9877,María,Martínez Sanz
9878,Elena,Cortés Gil
9879,Óscar,Cano Sánchez
9880,Marta,Castro Álvarez
9881,Paula,Cano Muñoz
9882,Daniel,Moreno Romero
9883,Álvaro,Ortega García
9884,Pablo,Moreno Ramos
9885,Laura,Torres Jiménez
9886,Diego,López Molina
9887,Irene,Álvarez Ortega
9888,Carmen,Alonso Vázquez
9889,Manuel,Sanz Fernández
9890,Daniela,Hernández Sánchez
9891,Paula,Cruz Hernández
9892,Alejandro,Moreno Torres
9893,Marcos,Moreno Vázquez
9894,David,Martínez Blanco
9895,Javier,Martínez Méndez
9896,David,Martínez Serrano
9897,Irene,Álvarez González
9898,Elena,Serrano Alonso
9899,Sara,Blanco Iglesias
9900,David,Domínguez Serrano
9901,Óscar,Ortiz Hernández
9902,Nuria,Cruz Gil
9903,Iván,Lozano Gutiérrez
9904,Eva,Ruiz Suárez
9905,Aitana,López Muñoz
9906,Elena,Sánchez Castillo
9907,Raquel,Ortega Castillo
9908,Raquel,Domínguez Guerrero
9909,Alba,González Gómez
9910,Jorge,Sánchez González
9911,Nicolás,Morales Fernández
9912,Claudia,Cruz Cano
9913,Pablo,Castro Cruz
9914,Javier,Gil Rubio
9915,Jorge,Suárez Ortiz
9916,Antonio,Alonso Guerrero
9917,Antonio,Díaz Prieto
9918,Iván,Castro Medina
9919,Mario,Calvo Serrano
9920,Javier,Marín Sánchez
9921,Jorge,Ruiz Fernández
9922,Paula,Pérez Muñoz
9923,Paula,Ramos Gutiérrez
9924,Diego,Morales Guerrero
9925,Marta,Martín Castro
9926,Daniela,Hernández Serrano
9927,Paula,Torres García
9928,Claudia,Molina Muñoz
9929,Antonio,Gil Blanco
9930,Andrea,Blanco Calvo
9931,Aitana,Cortés Sanz
9932,David,Delgado Ruiz
9933,David,Castillo Castro
9934,Marcos,Romero Medina
9935,Diego,Gutiérrez Calvo
9936,Andrea,Martínez Méndez
9937,Hugo,Álvarez Jiménez
9938,Adriana,López Sanz
9939,Pablo,Vázquez García
9940,Daniela,Cano Delgado
9941,Eva,Castillo Medina
9942,Laura,Marín Ruiz
9943,Óscar,Cortés Guerrero
9944,Julia,Calvo Domínguez
9945,Nuria,Morales Alonso
9946,Daniel,Romero Vázquez
9947,Irene,Ortega Blanco
9948,Adriana,Marín Santos
9949,María,Castro Álvarez
9950,Sara,Ruiz Cano
9951,Marta,Ruiz Rubio
9952,Javier,Gómez Lozano
9953,Óscar,Sanz Guerrero
9954,Marcos,Méndez Díaz
9955,Alba,Méndez Ramos
9956,Eva,Suárez Jiménez
9957,Irene,Fernández López
9958,Mario,Cruz Hernández
9959,Claudia,Rodríguez Prieto
9960,Paula,Navarro Álvarez
9961,Nicolás,Cano Prieto
9962,Javier,Sanz Molina
9963,Iván,Méndez Prieto
9964,Sergio,Méndez Medina
9965,Rubén,García Moreno
9966,Alba,Gutiérrez Medina
9967,Andrea,Gutiérrez Molina
9968,Iván,Castro Alonso
9969,Daniel,Gutiérrez Gil
9970,Pablo,Morales Méndez
9971,Sofía,Suárez Hernández
9972,Sofía,Fernández Álvarez
9973,Javier,Medina Suárez
9974,Javier,Sanz Alonso
9975,Daniel,Domínguez Domínguez
9976,Claudia,Molina Navarro
9977,Paula,Serrano Suárez
9978,Manuel,Ramos Ortega
9979,Andrea,Medina Muñoz
9980,Claudia,Morales Domínguez
9981,Adriana,Lozano Ramos
9982,Adrián,Méndez Navarro
9983,Manuel,Navarro Méndez
9984,David,Serrano González
9985,Marcos,Ortega Ortiz
9986,Elena,Lozano Jiménez
9987,Elena,Santos Marín
9988,Claudia,Martín Jiménez
9989,Antonio,Guerrero Alonso
9990,Diego,Domínguez Jiménez
9991,Sara,Rubio Romero
9992,Sofía,Romero Cortés
9993,Elena,Ruiz Castro
9994,Carmen,Sánchez Lozano
9995,Julia,Gómez Torres
9996,Adrián,Vázquez González
9997,Alejandro,Castro López
9998,Pablo,Gutiérrez Marín
9999,Sara,Calvo Prieto
10000,Mario,Jiménez Guerrero
